0	0.00138937084590129	0.000391497388534465	0.00365516198204451	0.00160113534242675	0.000423528993050921	0.000862628904964009	1.46811520700424e-05	3.87048554573846e-05	7.29608769541503e-05	3.55906716849514e-06	9.87641139257401e-05	6.53978592210981e-05	1.46811520700424e-05	0.00139337479646585	4.44883396061892e-05	1.73504524464138e-05	4.98269403589319e-05	1.15669682976092e-05	1.33465018818568e-06	4.44883396061892e-07	1.15669682976092e-05	8.89766792123784e-06	1.06772015054854e-05	0	3.24764879125181e-05	8.89766792123784e-07	6.22836754486649e-06	2.22441698030946e-06	0	0	0	2.4913470179466e-05	5.7834841488046e-06	3.11418377243325e-06	8.89766792123784e-06	8.89766792123784e-06	5.7834841488046e-06	0	1.77953358424757e-06	0	0	0	0	4.44883396061892e-07	8.89766792123784e-07	4.44883396061892e-07	2.22441698030946e-06	8.89766792123784e-07	8.89766792123784e-07	0	0	0	0	0	0	0	6.67325094092838e-06	0	0	0	0	0	0	0	0	0	0	0	0	0	0	0	0	0	0	0	0	0	0	0	0	0	0	0	0	0	0	0	0	0	0	0	0	0	0.00048670243529171	1.42362686739806e-05	1.51260354661043e-05	0	8.89766792123784e-07	0	0	2.58032369715897e-05	0	0	0	0	6.45080924289744e-05	0	0
0.0261895208007189	0	0.0271163834272441	0.000231715656631306	0.000621676151937652	0.00993551522823992	0.000259973663537563	0	1.69548041437541e-05	9.0425622100022e-05	5.65160138125138e-06	0.000723404976800176	0.000152593237293787	1.13032027625028e-05	0.00733577859286429	0.000129986831768782	5.65160138125138e-05	0.00189328646271921	5.65160138125138e-06	0	1.13032027625028e-05	1.13032027625028e-05	0.000135638433150033	0.000141290034531284	0	2.26064055250055e-05	0.000107380426243776	2.82580069062569e-05	5.65160138125138e-06	0	0	0	2.82580069062569e-05	5.65160138125138e-06	5.65160138125138e-06	6.78192165750165e-05	1.13032027625028e-05	0	0	5.65160138125138e-06	0	0	0	0	0	0	0	5.65160138125138e-06	1.69548041437541e-05	5.65160138125138e-06	0	0	0	0	0	0	0	0	0	0	0	0	0	0	0	0	0	0	0	0	0	0	0	0	0	0	0	0	0	0	0	0	0	0	0	0	0	0	0	0	0	0	0	0	0	0.0188876518161421	1.69548041437541e-05	5.65160138125138e-05	0	0	0	0	0.000316489677350077	0	0	0	0	0.000271276866300066	0	0
0.00210362759499835	0.0118339310480661	0	4.10330480168728e-05	0.000481454430064641	0.000719446108562503	2.46198288101237e-05	1.91487557412073e-05	2.46198288101237e-05	5.47107306891637e-05	1.91487557412073e-05	0.0162901200626985	0.000475983356995724	2.73553653445819e-06	0.0345607685763447	0.000259875970773528	7.65950229648292e-05	0.0035917594697436	2.46198288101237e-05	1.64132192067491e-05	8.20660960337456e-06	3.55619749479564e-05	5.19751941547055e-05	0.000112156997912786	2.73553653445819e-06	8.20660960337456e-06	2.73553653445819e-05	4.3768584551331e-05	1.09421461378327e-05	0	0	0	3.82975114824146e-05	5.74462672236219e-05	5.47107306891637e-06	0.000434950308978852	8.20660960337456e-06	0	5.47107306891637e-06	5.47107306891637e-06	0	0	0	0	0	2.73553653445819e-06	0	5.47107306891637e-06	0	1.36776826722909e-05	0	5.47107306891637e-06	0	0	0	0	0	8.20660960337456e-06	0	0	0	0	0	0	0	0	0	0	0	0	0	0	0	0	0	0	0	0	0	0	0	0	0	0	0	0	0	0	0	0	0	0	0	0	0	0.00142795007098717	8.20660960337456e-05	8.7537169102662e-05	1.64132192067491e-05	8.20660960337456e-06	0	0	0.00609203986223838	0	0	0	0	0.000765950229648292	0	0
0.0221188380191617	3.06969224629846e-05	4.77507682757539e-05	0	0.00331526762600234	0.000373479223299646	1.70538458127692e-05	0.000197824611428123	0.00143252304827262	0.000209762303497062	6.82153832510769e-06	1.02323074876615e-05	2.04646149753231e-05	1.02323074876615e-05	0.000218289226403446	6.82153832510769e-06	3.41076916255385e-06	2.38753841378769e-05	2.89915378817077e-05	5.11615374383077e-06	0	6.82153832510769e-06	6.82153832510769e-06	3.41076916255385e-06	0	0	0	1.70538458127692e-06	0	0	0	0	1.02323074876615e-05	6.82153832510769e-06	0	5.11615374383077e-06	3.41076916255385e-06	0	0	1.70538458127692e-06	0	0	0	0	0	1.36430766502154e-05	0	0	0	3.41076916255385e-06	0	1.53484612314923e-05	0	0	0	0	0	0	0	0	0	0	0	0	0	0	0	0	0	0	0	0	0	0	0	0	0	0	0	0	0	0	0	0	0	0	0	0	0	0	0	0	0	0	0	2.38753841378769e-05	1.70538458127692e-06	8.52692290638462e-06	0	0	0	0	5.11615374383077e-06	0	0	0	0	1.36430766502154e-05	0	0
0.0418801965317388	0.000569923657806805	0.000202230975350802	0.0212296562533035	0	0.0171574597951033	6.43462194298006e-05	3.21731097149003e-05	0.000248192560657802	0.000514769755438405	0	0.000110307804736801	2.29807926535002e-05	4.59615853070004e-06	0.00125015512035041	4.59615853070004e-05	2.75769511842002e-05	0.000261981036249902	1.83846341228002e-05	0	4.59615853070004e-06	1.37884755921001e-05	9.19231706140008e-06	1.83846341228002e-05	0	0	1.37884755921001e-05	4.59615853070004e-06	4.59615853070004e-06	0	0	0	3.67692682456003e-05	9.19231706140008e-06	0	4.59615853070004e-06	3.67692682456003e-05	4.59615853070004e-06	0	0	0	0	0	0	0	1.83846341228002e-05	4.59615853070004e-06	0	0	0	4.59615853070004e-06	4.59615853070004e-06	0	0	0	0	0	0	0	0	0	0	0	0	0	0	0	0	0	0	0	0	0	0	0	0	0	0	0	0	0	0	0	0	0	0	0	0	0	0	0	0	0	0	0	7.81346950219007e-05	1.37884755921001e-05	1.37884755921001e-05	0	4.59615853070004e-06	0	0	2.29807926535002e-05	0	0	0	0	2.75769511842002e-05	0	0
0.00475623143560011	0.00313180987245716	0.000781782135576003	0.000526649642229343	0.00626596040999089	0	2.34066507657486e-05	3.04286459954732e-05	0.00100648598292719	0.0118156773065499	3.51099761486229e-05	0.00016384655536024	6.31979570675212e-05	7.02199522972457e-06	0.00535544169520328	6.5538622144096e-05	8.192327768012e-05	0.00917540710017344	4.9153966608072e-05	2.80879809188983e-05	9.36266030629943e-06	0	1.17033253828743e-05	3.04286459954732e-05	1.17033253828743e-05	2.34066507657486e-06	9.36266030629943e-06	2.80879809188983e-05	2.34066507657486e-06	0	0	0	0.000161505890283665	3.51099761486229e-05	2.10659856891737e-05	1.17033253828743e-05	2.80879809188983e-05	2.10659856891737e-05	0	2.34066507657486e-06	2.34066507657486e-06	0	0	0	9.36266030629943e-06	4.68133015314972e-06	4.68133015314972e-06	7.02199522972457e-06	2.34066507657486e-06	4.68133015314972e-06	7.02199522972457e-06	0	0	0	0	0	0	2.34066507657486e-06	0	0	0	0	0	0	0	0	0	0	0	0	0	0	0	0	0	0	0	0	0	0	0	0	0	0	0	0	0	0	0	0	0	0	2.34066507657486e-06	0	0	0.000131077244288192	1.6384655536024e-05	6.08572919909463e-05	1.17033253828743e-05	0	0	0	1.6384655536024e-05	0	0	0	0	0.000147461899824216	0	0
0.00807532766588332	0.000126176994779427	8.6746683910856e-05	3.94303108685709e-05	3.94303108685709e-05	0.00033910067346971	0	7.88606217371418e-06	0	2.36581865211425e-05	7.88606217371418e-06	5.52024352159992e-05	0	0	0.000473163730422851	7.88606217371418e-06	0	3.94303108685709e-05	0	0	0	1.57721243474284e-05	7.88606217371418e-06	0	0	0	0	0	7.88606217371418e-06	0	0	0	0	0	0	0	4.73163730422851e-05	0	0	0	0	0	0	0	0	0	0	0	0	1.57721243474284e-05	0	0	0	0	0	0	0	0	0	0	0	0	0	0	0	0	0	0	0	0	0	0	0	0	0	0	0	0	0	0	0	0	0	0	0	0	0	0	0	0	0	0	0	0	0	0.00033910067346971	0	0	0	0	0	0	0	0	0	0	0	3.94303108685709e-05	0	0
0.000223774137304081	0	1.86478447753401e-05	0.000386942779088307	9.32392238767005e-06	4.66196119383502e-05	0	0	0.00638688683555398	0.00151979934919022	1.39858835815051e-05	1.39858835815051e-05	0	0	8.39153014890304e-05	2.79717671630101e-05	9.32392238767005e-06	1.86478447753401e-05	4.66196119383502e-06	4.66196119383502e-06	0	0	0	0	0	0	0	0	0	0	0	0	0	4.66196119383502e-06	4.66196119383502e-06	4.66196119383502e-06	0	0	0	0	0	0	0	0	0	4.66196119383502e-06	0	1.39858835815051e-05	4.66196119383502e-06	1.86478447753401e-05	0	4.66196119383502e-06	0	0	0	0	0	0	0	0	0	0	0	0	0	0	0	0	0	0	0	0	0	0	0	0	0	0	0	0	0	0	0	0	0	0	0	0	0	0	0	0	0	0	0	4.66196119383502e-06	0	0	0	0	0	0	0	0	0	0	0	9.32392238767005e-06	0	0
0.000704556129638328	1.77918214555133e-05	5.69338286576427e-05	0.0029320921758686	0.000135217843061901	0.000989225272926541	0	0.00476109142149537	0	0.0204783864952958	6.04921929487453e-05	2.84669143288213e-05	1.0675092873308e-05	5.337546436654e-05	0.000505287729336579	2.84669143288213e-05	3.55836429110267e-06	0.000128101114479696	3.55836429110267e-06	0	0	3.2025278619924e-05	4.2700371493232e-05	3.55836429110267e-06	0	0	0	3.55836429110267e-06	0	0	0	0	1.0675092873308e-05	1.0675092873308e-05	1.77918214555133e-05	1.42334571644107e-05	1.42334571644107e-05	3.55836429110267e-06	0	0	0	0	0	0	7.11672858220533e-06	7.11672858220533e-06	0	1.77918214555133e-05	0	0	3.55836429110267e-06	5.69338286576427e-05	0	0	0	0	0	0	0	0	0	0	0	0	0	0	0	0	0	0	0	0	0	0	0	0	0	0	0	0	0	0	0	0	0	0	0	0	0	0	0	0	0	0	0	3.2025278619924e-05	7.11672858220533e-06	0	0	3.55836429110267e-06	0	0	3.55836429110267e-06	0	0	0	0	2.1350185746616e-05	0	0
0.000273417508535534	3.38850758441473e-05	2.80428213882599e-05	0.000265238352297291	7.24439552530047e-05	0.00298422357606732	3.50535267353248e-06	0.000149561714070719	0.00353923774937663	0	0.000891528029968429	2.92112722794374e-05	2.57059196059049e-05	2.33690178235499e-06	0.00121402047593342	3.38850758441473e-05	1.63583124764849e-05	0.000223174120214901	5.84225445588747e-06	3.50535267353248e-06	3.50535267353248e-06	5.84225445588747e-06	7.01070534706497e-06	8.17915623824246e-06	0	0	3.50535267353248e-06	4.79064865382773e-05	1.16845089117749e-06	0	0	0	6.54332499059397e-05	5.84225445588747e-05	4.79064865382773e-05	5.84225445588747e-06	8.17915623824246e-06	3.03797231706149e-05	2.33690178235499e-06	1.16845089117749e-06	0	0	0	0	7.24439552530047e-05	3.62219776265023e-05	5.84225445588747e-06	1.75267633676624e-05	1.98636651500174e-05	5.37487409941648e-05	1.16845089117749e-06	7.01070534706497e-06	5.84225445588747e-06	0	0	0	0	2.10321160411949e-05	0	0	0	0	0	0	0	0	0	0	0	0	0	0	0	0	0	0	0	0	0	0	0	0	0	0	0	0	0	0	0	0	0	0	0	0	0	1.75267633676624e-05	7.01070534706497e-06	1.40214106941299e-05	1.16845089117749e-06	4.67380356470998e-06	0	0	1.16845089117749e-06	0	0	0	0	4.79064865382773e-05	0	0
5.01527378835545e-05	1.82373592303834e-05	4.55933980759586e-06	4.55933980759586e-05	0	2.73560388455752e-05	0	1.36780194227876e-05	8.66274563443213e-05	0.00856699949847262	0	4.55933980759586e-06	4.55933980759586e-06	2.27966990379793e-05	0.000205170291341814	9.11867961519172e-06	2.27966990379793e-05	3.1915378653171e-05	1.82373592303834e-05	0	0	9.11867961519172e-06	0	9.11867961519172e-06	1.36780194227876e-05	0	4.55933980759586e-06	1.36780194227876e-05	0	0	0	0	3.64747184607669e-05	0.000729494369215338	0.000127661514612684	3.64747184607669e-05	2.27966990379793e-05	0	4.55933980759586e-06	4.55933980759586e-06	4.55933980759586e-05	4.55933980759586e-06	2.73560388455752e-05	0	0.0225094606301008	0.00266265444763598	7.75087767291296e-05	0.000501527378835545	0.000474171339989969	0.00533898691469475	4.55933980759586e-06	4.55933980759586e-05	0	2.73560388455752e-05	1.36780194227876e-05	0	2.27966990379793e-05	9.11867961519172e-06	0	0	0	0	0	0	0	0	0	0	0	0	0	0	0	0	0	0	0	0	0	0	0	0	0	0	0	0	0	0	0	0	0	0	0	0	0	1.36780194227876e-05	4.55933980759586e-06	0	0	7.29494369215338e-05	0	0	9.11867961519172e-06	0	0	0	0	1.82373592303834e-05	0	0
0.000161718389789491	0.000103224504120952	0.00327221678063417	1.94979618895131e-05	1.26163282814496e-05	5.50530688645075e-05	1.83510229548358e-05	1.03224504120952e-05	6.88163360806344e-06	3.09673512362855e-05	0.00018695104635239	0	0.00939572375287595	1.14693893467724e-05	0.0624290331534168	0.000401428627137034	0.000103224504120952	0.000239710237347543	4.01428627137034e-05	1.37632672161269e-05	1.03224504120952e-05	1.26163282814496e-05	6.30816414072482e-05	0.000162865328724168	5.7346946733862e-06	4.58775573870896e-06	5.7346946733862e-06	1.26163282814496e-05	3.44081680403172e-06	0	0	0	2.98204123016082e-05	2.75265344322538e-05	1.14693893467724e-05	2.4085717628222e-05	1.60571450854814e-05	0	0	1.14693893467724e-06	0	0	0	0	0	4.58775573870896e-06	0	9.17551147741792e-06	0	3.44081680403172e-06	1.14693893467724e-06	2.29387786935448e-06	0	0	0	0	0	0	0	0	0	0	0	0	0	0	0	0	0	0	0	0	0	0	0	0	0	0	0	0	0	0	0	0	0	0	0	0	0	0	0	0	1.14693893467724e-06	0	0	8.83142979701475e-05	0.000209889825045935	8.71673590354702e-05	8.02857254274068e-06	1.14693893467724e-06	0	0	0.00101045320145065	0	0	0	0	0.00310017594043258	0	0
0.000136347754948997	4.60173672952866e-05	0.000369843285299156	0.000429495428089342	5.1130408105874e-06	2.8973897926662e-05	6.81738774744987e-06	3.40869387372494e-06	0.000167025999812522	3.06782448635244e-05	1.36347754948997e-05	0.0215991887308581	0	0.00170605128379933	0.0393397359966595	0.000618677938081076	0.000161912959001934	0.00014486948963331	7.66956121588111e-05	5.1130408105874e-06	5.1130408105874e-06	1.53391224317622e-05	3.57912856741118e-05	0.000207930326297221	1.70434693686247e-06	1.36347754948997e-05	1.53391224317622e-05	4.60173672952866e-05	3.74956326109743e-05	1.70434693686247e-06	6.81738774744987e-06	0	4.43130203584242e-05	3.91999795478368e-05	2.04521632423496e-05	1.87478163054871e-05	2.38608571160745e-05	3.40869387372494e-06	3.40869387372494e-06	8.52173468431234e-06	0	0	0	0	2.04521632423496e-05	1.36347754948997e-05	0	6.81738774744987e-06	0	3.40869387372494e-06	0	0	0	0	0	0	0	0	0	0	0	0	0	0	0	0	0	0	0	0	0	0	0	0	0	0	0	0	0	0	0	0	0	0	0	0	0	0	0	0	0	0	0	0	0	4.09043264846992e-05	0.0108464639061927	0.00053175624430109	5.1130408105874e-06	0	0	0	6.13564897270488e-05	0	0	0	0	0.0226865620765763	0	0
2.21221808045837e-05	0	5.53054520114593e-06	1.10610904022919e-05	0	1.65916356034378e-05	0	5.53054520114593e-06	0.000105080358821773	3.87138164080215e-05	1.65916356034378e-05	0.00012167199442521	0.00373864855597465	0	0.00320771621666464	0.000237813443649275	0.000497749068103134	8.29581780171889e-05	2.21221808045837e-05	2.76527260057296e-05	2.76527260057296e-05	2.21221808045837e-05	5.53054520114593e-06	2.21221808045837e-05	0	0	0	1.65916356034378e-05	5.53054520114593e-06	0	0	0	3.87138164080215e-05	0	5.53054520114593e-06	1.10610904022919e-05	3.31832712068756e-05	0	0	5.53054520114593e-06	0	0	0	0	0	5.53054520114593e-06	0	0	0	0	0	0	0	0	0	0	0	0	0	0	0	0	0	0	0	0	0	0	0	0	0	0	0	0	0	0	0	0	0	0	0	0	0	0	0	0	0	0	0	0	0	0	0	0	0	1.10610904022919e-05	0.0107403187806254	2.76527260057296e-05	0	0	0	0	0	0	0	0	0	0.000514340703706571	0	0
0.000321219581229718	0.000104659658638371	0.00130627102243929	1.94179869800752e-05	2.2050934367204e-05	0.000135267672013744	5.26589477425767e-06	7.89884216138651e-06	1.18482632420798e-05	8.45834348115139e-05	7.56972373799541e-06	0.0102507224149393	0.00153402097142594	2.10635790970307e-05	0	0.00326419652319298	0.00040218271338393	0.00325136090468072	0.000598008175301637	2.86333028350261e-05	8.88619743155982e-06	1.48103290525997e-05	7.01022241823053e-05	0.000405473897617841	2.63294738712884e-06	1.2506500088862e-05	1.41520922058175e-05	1.67850395929463e-05	2.63294738712884e-06	3.62030265730215e-06	0	3.29118423391105e-07	0.000228737304256818	0.000109267316565847	3.42283160326749e-05	5.85830793636166e-05	4.04815660771059e-05	4.27853950408436e-06	2.96206581051994e-06	2.96206581051994e-06	4.93677635086657e-06	0	0	0	9.87355270173314e-06	2.30382896373773e-06	2.63294738712884e-06	2.92915396818083e-05	7.56972373799541e-06	1.48103290525997e-05	1.97471054034663e-06	5.49627767063145e-05	0	0	0	0	0	1.67850395929463e-05	0	0	0	0	0	0	0	0	0	0	0	0	0	0	0	0	0	0	0	0	0	0	0	0	1.97471054034663e-06	0	0	0	0	0	0	0	0	0	2.63294738712884e-06	0	0	0.000177065711784414	0.000624008530749534	0.00224162558171681	9.54443427834203e-06	1.97471054034663e-06	0	0	6.51654478314387e-05	0	0	0	0	0.0139450767175045	0	0
9.29781262053785e-05	1.19674815907913e-05	6.25991344749083e-05	4.05053223072936e-05	2.02526611536468e-05	6.53608609958602e-05	0	1.84115101396789e-06	8.28517956285552e-06	3.22201427444381e-05	4.60287753491973e-06	0.000418861855677695	0.000446479120887214	4.51081998422134e-05	0.0282837618765748	0	0.0128862159467613	0.000266966897025344	0.00227750380427828	8.00900691076033e-05	6.9043163023796e-05	3.498186926539e-05	0.000203447187043452	6.9043163023796e-05	2.20938121676147e-05	1.01263305768234e-05	1.56497836187271e-05	3.68230202793578e-05	8.28517956285552e-06	7.36460405587157e-06	0	0	7.91694936006194e-05	8.00900691076033e-05	2.85378407165023e-05	2.85378407165023e-05	6.25991344749083e-05	1.38086326047592e-05	3.68230202793578e-06	6.44402854888762e-06	3.68230202793578e-06	0	0	0	1.10469060838074e-05	1.01263305768234e-05	9.20575506983946e-07	1.47292081117431e-05	1.84115101396789e-06	5.52345304190368e-06	0	5.52345304190368e-06	0	0	0	0	0	3.68230202793578e-06	0	0	0	0	0	0	0	0	0	0	0	0	0	0	0	0	0	0	0	0	0	0	0	0	0	0	0	0	0	0	0	0	0	0	2.76172652095184e-06	0	0	6.44402854888762e-05	0.00428251725848932	0.000355342145695803	1.84115101396789e-06	9.20575506983946e-07	0	0	1.19674815907913e-05	0	0	0	0	0.00577108785328236	0	0
3.95785610204484e-05	8.88498308622311e-06	2.58472235235581e-05	5.65408014577834e-06	1.05004345564455e-05	9.6927088213343e-06	8.07725735111191e-07	8.07725735111191e-07	3.23090294044477e-06	1.93854176426686e-05	4.03862867555596e-06	0.000174468758784017	0.000134890197763569	0.000168814678638239	0.00625987444711173	0.0101103030263868	0	0.000148621535260459	0.00353380009111146	0.00465976976585646	3.55399323448924e-05	0.00072533771012985	0.00231817285976912	9.93502654186766e-05	1.61545147022238e-06	1.85776919075574e-05	5.73485271928946e-05	0.000153467889671126	7.26953161600072e-06	6.46180588088953e-06	8.07725735111191e-07	3.23090294044477e-06	0.000231817285976912	0.000332783002865811	4.28094639608932e-05	3.392448087467e-05	4.36171896960043e-05	1.77699661724462e-05	2.42317720533357e-06	8.07725735111191e-06	2.42317720533357e-06	1.61545147022238e-06	0	0	0	1.61545147022238e-06	1.61545147022238e-06	1.21158860266679e-05	8.07725735111191e-07	4.84635441066715e-06	1.61545147022238e-06	8.07725735111191e-07	0	8.07725735111191e-07	0	0	0	4.84635441066715e-06	0	0	0	0	0	0	0	0	0	0	0	0	0	0	0	0	0	0	0	0	0	0	0	0	0	0	0	0	0	0	0	0	0	0	2.42317720533357e-06	0	0	7.26953161600072e-06	7.83493963057856e-05	0.000168006952903128	2.42317720533357e-06	8.07725735111191e-07	0	0	4.03862867555596e-06	0	0	0	0	0.000405478319025818	0	0
0.000354595369357734	0.00172258697851152	0.00384082773756957	5.41224511124963e-05	9.70471537189589e-05	0.00726733878041588	7.46516567068915e-06	7.46516567068915e-06	7.8384239542236e-05	0.00039192119771118	3.35932455181012e-05	0.00066066716185599	0.000278077421233171	2.05292055943952e-05	0.0829081299386737	0.000397520071964197	0.000216489804449985	0	0.000298606626827566	0.000121308942148699	1.11977485060337e-05	4.85235768594795e-05	6.34539082008577e-05	0.000188495433184901	9.33145708836143e-06	4.66572854418072e-05	1.86629141767229e-06	0.000153035896249127	5.59887425301686e-06	5.59887425301686e-06	0	0	0.00362247164170191	0.000265013381309465	6.15876167831855e-05	4.10584111887903e-05	3.17269541004289e-05	1.67966227590506e-05	3.73258283534457e-06	9.33145708836143e-06	0.000322868415257306	0	0	0	1.3064039923706e-05	3.73258283534457e-06	2.79943712650843e-05	1.49303313413783e-05	1.11977485060337e-05	0.000121308942148699	3.73258283534457e-06	4.47909940241349e-05	0	0	0	0	1.86629141767229e-06	0	0	0	0	0	0	0	0	0	0	0	0	0	0	0	0	0	0	0	0	0	0	0	0	0	0	0	0	0	0	0	0	0	0	0	1.11977485060337e-05	0	0	9.1448279465942e-05	7.09190738715469e-05	0.00488595093146605	0.00017916397609654	0	0	0	2.6128079847412e-05	0	0	0	0	0.00104512319389648	0	0
5.87210554131026e-05	1.39812036697863e-05	3.91473702754017e-05	8.66834627526753e-05	8.3887222018718e-05	5.31285739451881e-05	2.79624073395727e-06	1.39812036697863e-05	5.59248146791454e-06	1.95736851377009e-05	1.67774444037436e-05	0.000173366925505351	0.000131423314495992	5.59248146791454e-06	0.037626215316129	0.0121944058407876	0.0119343554525296	0.000903185757068198	0	0.00841668460921138	1.39812036697863e-05	3.63511295414445e-05	0.000313178962203214	0.00012303459229412	2.79624073395727e-06	8.10909812847608e-05	0.000181755647707222	0.000304790240001342	5.59248146791454e-06	2.23699258716581e-05	0	0	0.00466412954424072	0.00623002435525679	0.000564840628259368	0.00018455188844118	0.000128627073762034	2.23699258716581e-05	5.59248146791454e-06	1.39812036697863e-05	5.59248146791454e-06	2.79624073395727e-06	0	0	2.79624073395727e-06	8.3887222018718e-06	8.3887222018718e-06	2.79624073395727e-06	4.47398517433163e-05	5.59248146791454e-06	5.59248146791454e-06	1.11849629358291e-05	0.000120238351560163	1.11849629358291e-05	0	0	0	5.59248146791454e-06	0	0	8.3887222018718e-06	0	0	0	0	0	0	0	0	0	0	0	0	0	0	0	0	0	0	0	0	0	0	0	0	0	0	0	0	0	0	0	8.3887222018718e-06	0	0	1.11849629358291e-05	0.000125830833028077	0.0110032072881218	8.3887222018718e-06	5.59248146791454e-06	0	0	2.79624073395727e-06	0	0	0	0	0.00115764366385831	0	0
7.59178715567572e-05	2.44896359860507e-06	1.46937815916304e-05	9.79585439442028e-05	5.14282355707065e-05	2.20406723874456e-05	0	2.93875631832608e-05	7.34689079581521e-06	2.44896359860507e-06	1.22448179930254e-05	3.91834175776811e-05	2.20406723874456e-05	2.44896359860507e-06	0.000974687512244818	0.000205712942282826	0.0157468359390306	5.87751263665217e-05	0.00678362916813605	0	4.89792719721014e-05	0.000306120449825634	0.0161215273696172	0.000156733670310725	2.44896359860507e-06	6.12240899651268e-05	0.000112652325535833	0.000252243250656322	0.00141305199639513	1.71427451902355e-05	2.44896359860507e-06	4.89792719721014e-06	0.00017387641550096	0.00329875396732103	0.0108807452686023	0.00824810940010188	0.000974687512244818	0.00130039967085929	4.89792719721014e-05	1.95917087888406e-05	2.44896359860507e-06	2.20406723874456e-05	4.89792719721014e-06	0	2.69385995846558e-05	4.89792719721014e-06	2.44896359860507e-06	4.16323811762862e-05	2.44896359860507e-06	0	7.34689079581521e-06	2.44896359860507e-06	6.61220171623369e-05	7.34689079581521e-06	0	0	0	0	0	0	0	0	0	0	0	0	0	0	0	0	0	0	0	0	0	0	0	0	0	0	0	0	0	0	0	0	0	0	0	0	0	0	2.20406723874456e-05	0	0	4.89792719721014e-06	9.79585439442028e-06	0.00018857019709259	1.95917087888406e-05	4.89792719721014e-06	0	0	0	0	0	0	0	9.55095803455977e-05	4.89792719721014e-06	0
0	0	1.98159887286656e-06	0	0	0	0	0	0	0	0	1.98159887286656e-06	0	0	0.000110969536880527	5.94479661859968e-06	1.38711921100659e-05	5.94479661859968e-06	0	1.38711921100659e-05	0	0.00356093317454121	0.000198159887286656	2.17975876015322e-05	8.32271526603956e-05	1.38711921100659e-05	1.38711921100659e-05	7.72823560417959e-05	3.96319774573312e-06	1.18895932371994e-05	1.98159887286656e-06	3.96319774573312e-06	1.98159887286656e-06	7.92639549146624e-06	0	9.90799436433281e-06	7.33191582960628e-05	5.94479661859968e-06	1.98159887286656e-06	1.58527909829325e-05	0	0	0	0	0	0	1.98159887286656e-06	1.58527909829325e-05	0	0	0	0	0	0	0	0	0	0	0	0	0	0	0	0	0	0	0	0	0	0	0	0	0	0	0	0	0	0	0	0	0	0	0	0	0	0	0	0	0	0	0	0	7.92639549146624e-06	0	0	0	1.98159887286656e-06	0	0	0	0	0	0	0	0	0	0	1.98159887286656e-06	0	0
0.000137186756905067	5.71611487104445e-06	5.71611487104445e-06	1.14322297420889e-05	1.33376013657704e-05	7.62148649472593e-06	3.81074324736297e-06	0	3.81074324736297e-06	3.81074324736297e-06	5.71611487104445e-06	1.52429729894519e-05	1.71483446131333e-05	9.52685811840741e-06	0.000125754527162978	3.42966892262667e-05	0.00136996219742699	0	4.38235473446741e-05	7.81202365709408e-05	0.00534456740442656	0	0.00227120297542833	0.000422992500457289	0.00096411804158283	0.000194347905615511	8.95524663130297e-05	0.0001543351015182	2.28644594841778e-05	1.33376013657704e-05	3.81074324736297e-06	5.71611487104445e-06	7.62148649472593e-06	1.52429729894519e-05	1.33376013657704e-05	4.38235473446741e-05	4.57289189683556e-05	2.47698311078593e-05	1.90537162368148e-06	9.52685811840741e-06	1.90537162368148e-06	0	0	0	5.71611487104445e-06	5.71611487104445e-06	0	9.52685811840741e-06	0	1.90537162368148e-06	0	0	0	0	0	0	0	0	0	0	0	0	0	0	0	0	0	0	0	0	0	0	0	0	0	0	0	0	0	0	0	0	0	0	0	0	0	0	0	0	0	0	1.33376013657704e-05	0	0	5.71611487104445e-06	9.52685811840741e-06	3.81074324736297e-06	5.71611487104445e-06	0	0	0	1.90537162368148e-06	0	0	0	0	1.33376013657704e-05	0	0
0.000148799278656631	1.11044237803456e-06	1.11044237803456e-05	7.77309664624193e-06	1.88775204265875e-05	8.88353902427649e-06	3.33132713410368e-06	1.11044237803456e-06	4.44176951213825e-06	6.66265426820737e-06	5.55221189017281e-06	0.000222088475606912	0.000194327416156048	1.22148661583802e-05	0.000711793564320154	0.000145467951522528	0.00193772194967031	1.66566356705184e-05	7.66205240843847e-05	0.00416749024476371	0.000198769185668186	0.00188775204265875	0	0.00811178157154247	1.11044237803456e-05	0.000199879628046221	0.000611853750297043	0.00282052364020779	0.000833942225903956	2.44297323167604e-05	2.33192899387258e-05	0	3.10923865849677e-05	0.000175449895729461	8.66145054866958e-05	0.000192106531399979	0.000256512189325984	0.000176560338107495	1.22148661583802e-05	6.66265426820737e-06	4.44176951213825e-06	1.11044237803456e-06	1.11044237803456e-06	0	0	1.11044237803456e-06	2.44297323167604e-05	2.99819442069332e-05	0	4.44176951213825e-06	1.66566356705184e-05	0	1.11044237803456e-06	2.22088475606912e-06	0	0	0	5.55221189017281e-06	0	0	0	0	0	0	0	0	0	0	0	0	0	0	0	0	0	0	0	0	0	0	0	0	0	0	0	0	0	0	0	0	0	0	2.55401746947949e-05	0	0	2.7761059450864e-05	6.66265426820737e-06	8.88353902427649e-06	9.99398140231105e-06	0	0	0	4.88594646335207e-05	0	0	0	0	5.10803493895898e-05	0	0
3.84075977211492e-05	9.31093278088465e-06	3.49159979283175e-06	3.49159979283175e-06	0	1.16386659761058e-06	1.16386659761058e-06	0	1.16386659761058e-06	1.16386659761058e-06	1.16386659761058e-06	9.31093278088465e-06	4.65546639044233e-06	4.65546639044233e-06	0.000108239593577784	2.90966649402645e-05	0.000130353058932385	5.12101302948656e-05	1.04747993784952e-05	6.63403960638032e-05	2.90966649402645e-05	0.000564475299841132	0.00606956430653918	0	0.000330538113721405	0.00425276854766907	0.00217526667093418	0.0162696911679983	0.000165269056860703	4.07353309163704e-05	1.16386659761058e-06	9.31093278088465e-06	1.86218655617693e-05	1.3966399171327e-05	3.49159979283175e-05	3.37521313307069e-05	7.91429286375196e-05	8.61261282231831e-05	8.14706618327407e-06	6.98319958566349e-06	8.14706618327407e-06	1.16386659761058e-06	0	0	1.16386659761058e-06	6.98319958566349e-06	5.81933298805291e-06	3.6079864525928e-05	0	3.14243981354857e-05	3.49159979283175e-06	3.72437311235386e-05	1.16386659761058e-06	0	0	0	0	0	0	0	0	0	0	0	0	0	0	0	0	0	0	0	0	0	0	0	0	0	0	0	0	0	0	0	0	0	0	0	0	0	0	0	3.02605315378751e-05	0	0	0.000110567326773005	3.49159979283175e-06	2.32773319522116e-06	0	5.81933298805291e-06	0	0	6.98319958566349e-06	0	0	0	0	1.62941323665481e-05	0	0
0	0	0	0	0	0	0	0	0	0	0	4.76188208627578e-06	0	0	4.2856938776482e-05	4.76188208627578e-06	4.2856938776482e-05	0	0	1.42856462588273e-05	0.00131427945581212	0.00249522621320851	5.23807029490336e-05	0.000747615487545297	0	0.00928090818615149	0.00118570863948267	0.000942852653082604	9.52376417255156e-06	0.000347617392298132	9.52376417255156e-06	0.000114285170070619	0	4.76188208627578e-06	4.76188208627578e-06	0	3.80950566902062e-05	5.71425850353094e-05	4.76188208627578e-06	4.76188208627578e-06	0	0	0	0	0	0	0	0	0	0	9.52376417255156e-06	0	0	0	0	0	0	0	0	0	0	0	0	0	0	0	0	0	0	0	0	0	0	0	0	0	0	0	0	0	0	0	0	0	0	0	0	0	0	0	0	0	0.000342855510211856	0	0	2.38094104313789e-05	0	0	4.76188208627578e-06	0	0	0	0	0	0	0	0	0	0	0
7.98366769693997e-06	3.42157187011713e-06	4.56209582682284e-06	0	0	6.84314374023426e-06	0	0	0	0	0	5.70261978352855e-06	3.42157187011713e-06	3.76372905712885e-05	6.27288176188141e-05	1.02647156103514e-05	0.000212137455947262	4.21993863981113e-05	1.14052395670571e-06	9.12419165364568e-06	3.64967666145827e-05	0.000131160255021157	0.000210996931990556	0.00841934784840156	0.00226850214988766	0	0.0268308260815018	0.0111223896257941	0.000126598159194334	0.00078696153012694	5.70261978352855e-05	0.000132300778977862	2.05294312207028e-05	1.71078593505857e-05	4.56209582682284e-06	7.98366769693997e-06	0.00011177134775716	4.3339910354817e-05	3.42157187011713e-06	4.56209582682284e-06	1.14052395670571e-05	1.14052395670571e-06	2.28104791341142e-06	0	0	3.42157187011713e-06	0	5.70261978352855e-06	0	2.28104791341142e-06	0	4.56209582682284e-06	0	0	0	0	0	3.42157187011713e-06	0	0	0	0	0	0	0	0	0	0	0	0	0	0	0	0	0	0	0	0	0	0	0	0	0	0	0	0	0	0	0	0	0	0	0.00649186236156891	0	0	2.05294312207028e-05	1.14052395670571e-06	2.28104791341142e-06	1.14052395670571e-06	2.28104791341142e-06	0	0	1.14052395670571e-06	0	0	0	0	6.84314374023426e-06	0	0
2.36138103008163e-06	1.77103577256122e-05	5.90345257520408e-06	3.54207154512245e-06	5.90345257520408e-06	2.36138103008163e-06	0	0	0	2.5975191330898e-05	3.54207154512245e-06	1.65296672105714e-05	2.47945008158571e-05	3.54207154512245e-06	0.000135779409229694	1.77103577256122e-05	9.44552412032653e-05	2.36138103008163e-06	4.72276206016327e-06	1.53489766955306e-05	2.95172628760204e-05	5.19503826617959e-05	0.00050533554043747	0.0017993723449222	0.000108623527383755	0.0228003145359532	0	0.0331278144710152	0.00247354662901051	0.0024936183677662	0.000178284267771163	0.000559647304129347	4.01434775113878e-05	1.65296672105714e-05	1.77103577256122e-05	2.71558818459388e-05	0.000212524292707347	0.000291630557215082	3.30593344211429e-05	1.88910482406531e-05	1.88910482406531e-05	4.72276206016327e-06	0	0	1.18069051504082e-06	1.18069051504082e-06	1.18069051504082e-06	1.41682861804898e-05	1.18069051504082e-06	1.06262146353673e-05	0	4.72276206016327e-06	0	0	3.54207154512245e-06	0	4.72276206016327e-06	5.90345257520408e-06	0	0	0	0	0	0	0	0	1.18069051504082e-06	0	0	0	0	0	0	0	0	0	0	0	0	0	0	0	0	0	0	0	0	0	0	0	0	0	0.00491875668566004	0	0	1.88910482406531e-05	4.72276206016327e-06	3.54207154512245e-06	4.72276206016327e-06	3.54207154512245e-06	0	0	1.2987595665449e-05	0	0	0	0	2.36138103008163e-06	0	0
9.76815819206587e-06	0	1.08535091022954e-06	0	2.17070182045908e-06	9.76815819206587e-06	0	0	0	4.34140364091816e-06	0	1.73656145636727e-05	3.25605273068862e-06	2.17070182045908e-06	0.000134583512868463	3.36458782171158e-05	9.00841255490519e-05	7.59745637160679e-06	1.08535091022954e-05	5.96943000626247e-05	3.69019309478044e-05	8.0315967356986e-05	0.00322457755429197	0.0163779452353638	0.000119388600125249	0.00985064486124331	0.0208289693182151	0	0.00589888219709755	7.27185109853792e-05	1.84509654739022e-05	3.03898254864271e-05	0.000256142814814172	2.17070182045908e-05	2.17070182045908e-05	4.23286854989521e-05	0.000471042295039621	0.00111791143753643	4.23286854989521e-05	1.95363163841317e-05	3.25605273068862e-05	1.08535091022954e-06	2.17070182045908e-06	0	2.17070182045908e-06	0	4.34140364091816e-06	5.4267545511477e-06	0	6.51210546137724e-06	0	3.25605273068862e-06	1.08535091022954e-06	3.25605273068862e-06	0	0	0	9.76815819206587e-06	0	0	0	0	0	0	0	0	0	0	0	0	0	0	0	0	0	0	0	0	0	0	0	0	0	0	0	0	0	0	0	0	0	0	8.35720200876747e-05	0	0	1.4109561832984e-05	1.08535091022954e-06	0	2.17070182045908e-06	7.59745637160679e-06	0	0	1.08535091022954e-06	0	0	0	0	5.4267545511477e-06	0	0
6.60204911099282e-05	0	1.23788420831115e-05	4.12628069437052e-06	4.12628069437052e-06	4.12628069437052e-06	8.25256138874103e-06	0	0	4.12628069437052e-06	0	1.65051227774821e-05	1.65051227774821e-05	2.06314034718526e-05	6.60204911099282e-05	2.88839648605936e-05	8.66518945817808e-05	4.12628069437052e-06	2.06314034718526e-05	0.00406851276464933	6.18942104155577e-05	9.90307366648924e-05	0.00712608675917788	0.000953170840399589	2.47576841662231e-05	0.000375491543187717	0.00951107700052404	0.0215309326632253	0	7.01467718042988e-05	4.12628069437052e-06	4.12628069437052e-06	7.01467718042988e-05	6.60204911099282e-05	0.000148546104997339	0.00126676817317175	0.00463381321977809	0.0298825247886313	0.000734477963597952	0.000140293543608598	2.47576841662231e-05	4.12628069437052e-06	1.65051227774821e-05	0	1.65051227774821e-05	0	3.71365262493346e-05	9.90307366648924e-05	0	7.42730524986693e-05	0	0	0	1.65051227774821e-05	4.12628069437052e-06	0	8.25256138874103e-06	0	0	0	0	0	0	0	0	0	4.12628069437052e-06	0	4.12628069437052e-06	0	0	0	0	0	0	0	0	0	0	0	0	0	0	0	0	0	0	0	0	0	0	0	2.88839648605936e-05	0	0	4.12628069437052e-06	8.25256138874103e-06	1.23788420831115e-05	4.95153683324462e-05	3.30102455549641e-05	0	0	4.12628069437052e-06	0	0	0	0	1.23788420831115e-05	0	0
0	0	0	0	0	0	0	0	0	0	0	0	0	0	2.80148665558523e-05	3.73531554078031e-05	9.33828885195077e-06	0	5.60297331117046e-06	3.73531554078031e-06	1.49412621631212e-05	4.8559102030144e-05	4.8559102030144e-05	8.03092841267766e-05	0.000183030461498235	0.000707842294977868	0.00439086341818725	0.000315634163195936	1.49412621631212e-05	0	0.0124778215639766	0.00426012737425994	1.86765777039015e-06	7.47063108156062e-06	5.60297331117046e-06	5.60297331117046e-06	1.68089199335114e-05	5.60297331117046e-06	1.86765777039015e-06	1.12059466223409e-05	0	0	0	0	0	0	3.73531554078031e-06	3.73531554078031e-06	0	1.86765777039015e-06	0	1.86765777039015e-06	0	0	0	0	0	0	0	0	0	0	0	0	0	0	0	0	0	0	0	0	0	0	0	0	0	0	0	0	0	0	0	0	0	0	0	0	0	0	0	0	0.00769661767177782	0	0	0	0	3.73531554078031e-06	3.73531554078031e-06	5.60297331117046e-06	0	0	0	0	0	0	0	1.86765777039015e-06	0	0
0	0	0	0	0	0	0	0	0	0	0	0	0	7.13556866914509e-06	2.85422746765804e-05	7.13556866914509e-06	7.13556866914509e-06	0	0	0	0	2.14067060074353e-05	4.28134120148705e-05	0.000128440236044612	2.85422746765804e-05	0.000349642864788109	0.000984708476342022	0.000164118079390337	7.13556866914509e-05	0.0443332881413984	0	0.0381396145365805	0	1.42711373382902e-05	0	2.14067060074353e-05	3.56778433457254e-05	7.13556866914509e-06	0	2.14067060074353e-05	0	0	0	0	0	0	0	7.13556866914509e-06	0	0	0	0	0	0	0	0	0	0	0	0	0	0	0	0	0	0	0	0	0	0	0	0	0	0	0	0	0	0	0	0	0	0	0	0	0	0	0	0	0	0	0	0	0.000863403808966556	0	0	0	7.13556866914509e-06	1.42711373382902e-05	0	3.56778433457254e-05	0	0	0	0	0	0	0	0	0	0
0	0	0	0	0	0	0	0	0	0	0	0	0	0	4.72912842163189e-05	0	1.2897622968087e-05	0	0	0	0	8.59841531205799e-06	1.7196830624116e-05	1.2897622968087e-05	1.2897622968087e-05	0.000107480191400725	0.000563196202939798	9.45825684326379e-05	1.7196830624116e-05	0.00377470432199346	0.010378287281654	0	4.29920765602899e-06	4.29920765602899e-06	8.59841531205799e-06	0	1.2897622968087e-05	1.2897622968087e-05	0	4.29920765602899e-06	0	0	0	0	0	0	0	4.29920765602899e-06	0	0	0	0	0	0	0	0	0	1.7196830624116e-05	0	0	0	0	0	0	0	0	0	0	0	0	0	0	0	0	0	0	0	0	0	0	0	0	0	0	0	0	0	0	0	0	0	0	0.000408424727322754	0	0	0	0	0	0	4.29920765602899e-06	0	0	0	0	0	0	0	0	0	0
0.000136757087234933	4.02226727161566e-05	4.8267207259388e-05	4.42449399877723e-05	4.02226727161566e-05	0.000277536441741481	8.04453454323133e-06	4.02226727161566e-05	4.02226727161566e-06	0.000172957492679474	2.01113363580783e-05	0.000128712552691701	8.4467612703929e-05	4.02226727161566e-06	0.0152081925539788	0.000249380570840171	0.000772275316150208	0.00560704057663224	0.00971377546095183	0.00021318016539563	1.2066801814847e-05	2.01113363580783e-05	0.000100556681790392	8.04453454323133e-05	2.01113363580783e-05	2.81558709013097e-05	4.02226727161566e-06	0.00206744537761045	4.02226727161566e-06	4.02226727161566e-06	0	0	0	0.0168452553335264	0.000631495961643659	0.000414293528976413	0.00057518421984104	2.01113363580783e-05	3.6200405444541e-05	5.22894745310036e-05	0.00012066801814847	4.02226727161566e-06	4.02226727161566e-06	0	2.01113363580783e-05	1.2066801814847e-05	3.6200405444541e-05	1.2066801814847e-05	8.04453454323133e-06	2.4133603629694e-05	8.04453454323133e-06	2.01113363580783e-05	0	8.04453454323133e-05	0	0	0	0	0	0	0	0	0	0	0	0	0	0	0	0	0	0	0	0	0	0	0	0	0	0	0	0	0	0	0	0	0	0	0	0	0	0	1.2066801814847e-05	0	0	1.60890690864627e-05	3.6200405444541e-05	0.00839044952859028	2.4133603629694e-05	1.60890690864627e-05	0	0	0	0	0	0	0	0.0003338481835441	0	0
4.91303920605286e-05	0	3.27535947070191e-05	2.10558823116551e-05	1.1697712395364e-05	2.57349672698007e-05	0	0.000140372548744368	1.1697712395364e-05	0.00011697712395364	0.000105279411558276	4.91303920605286e-05	2.10558823116551e-05	0	0.0017967686239279	7.72049018094022e-05	0.000219916993032842	7.01862743721838e-05	0.00155345620610433	0.000898384311963952	9.35816991629117e-06	2.10558823116551e-05	0.000135693463786222	2.80745097488735e-05	0	1.1697712395364e-05	9.35816991629117e-06	0.000208219280637479	1.63767973535095e-05	1.1697712395364e-05	0	2.33954247907279e-06	0.00411525522068904	0	0.0119527225255829	0.00145519542198328	0.00154643757866712	2.80745097488735e-05	3.74326796651647e-05	9.35816991629117e-05	7.01862743721838e-06	7.01862743721838e-06	0	0	0.000168447058493241	1.87163398325823e-05	2.10558823116551e-05	4.67908495814558e-05	4.67908495814559e-06	2.57349672698007e-05	2.10558823116551e-05	4.67908495814559e-06	2.10558823116551e-05	3.74326796651647e-05	9.35816991629117e-06	0	0	1.87163398325823e-05	0	0	0	0	0	0	0	0	0	0	0	0	0	0	0	0	0	0	0	0	0	0	0	0	0	0	0	0	0	0	0	0	0	0	0.000114637581474567	0	0	7.01862743721838e-06	9.35816991629117e-06	0.000156749346097877	3.04140522279463e-05	1.40372548744368e-05	0	0	0	0	0	0	0	6.7846731893111e-05	2.33954247907279e-06	0
0.000230033480503213	0	0.00010438494073255	1.35313812060713e-05	7.73221783204076e-06	4.25271980762242e-05	2.70627624121427e-05	1.73974901220917e-05	3.86610891602038e-06	2.31966534961223e-05	2.51297079541325e-05	5.79916337403057e-06	1.93305445801019e-05	0	0.000492928886792599	2.89958168701529e-05	7.15230149463771e-05	2.89958168701529e-05	0.000291891223159539	0.00610651903285419	1.54644356640815e-05	4.25271980762242e-05	0.000288025114243518	2.70627624121427e-05	0	1.15983267480611e-05	2.31966534961223e-05	4.63933069922446e-05	0.000181707119052958	7.73221783204076e-06	1.93305445801019e-06	1.93305445801019e-06	0.000255163188457345	0.0173800926319696	0	0.0384097920806625	0.00347949802441834	0.000164309628930866	5.0259415908265e-05	7.34560694043873e-05	1.35313812060713e-05	9.66527229005095e-06	0.000135313812060713	0	5.79916337403057e-05	1.93305445801019e-06	3.86610891602038e-06	3.67280347021936e-05	5.79916337403057e-06	3.86610891602038e-06	2.12635990381121e-05	0	1.93305445801019e-06	8.31213416944382e-05	2.70627624121427e-05	1.93305445801019e-06	7.73221783204076e-06	9.66527229005095e-06	0	0	0	0	0	0	0	0	0	0	0	0	0	0	0	0	0	0	0	0	0	0	0	0	0	0	0	0	0	0	0	0	0	0	1.54644356640815e-05	0	0	7.73221783204076e-06	5.79916337403057e-06	5.60585792822955e-05	6.57238515723465e-05	1.15983267480611e-05	0	0	2.51297079541325e-05	0	0	0	0	2.31966534961223e-05	3.86610891602038e-06	0
3.6454999219863e-05	0	0.000239144794882301	5.83279987517808e-06	4.37459990638356e-06	0	1.89565995943288e-05	2.91639993758904e-06	1.45819996879452e-06	0	7.2909998439726e-06	4.37459990638356e-06	5.83279987517808e-05	4.37459990638356e-06	0.000357258992354658	2.04147995631233e-05	5.24951988766027e-05	5.83279987517808e-06	2.18729995319178e-05	0.00181545896114918	5.83279987517808e-06	2.33311995007123e-05	0.000415586991106438	3.79131991886575e-05	4.37459990638356e-06	8.74919981276712e-06	1.60401996567397e-05	7.2909998439726e-05	0.000144361796910658	7.2909998439726e-06	4.37459990638356e-06	2.91639993758904e-06	0.000121030597409945	0.00143924336920019	0.0167736742410434	0	0.018997429193455	0.00173234156292789	0.000129779797222712	0.000158943796598603	7.2909998439726e-06	1.45819996879452e-06	0.000191024195912082	1.45819996879452e-06	0.000112281397597178	2.04147995631233e-05	0.00013561259709789	9.91575978780274e-05	1.45819996879452e-06	1.31237997191507e-05	7.2909998439726e-06	2.91639993758904e-06	0	3.06221993446849e-05	0	1.45819996879452e-06	1.16655997503562e-05	4.37459990638356e-06	0	0	0	0	0	0	0	0	1.45819996879452e-06	0	0	0	0	0	0	0	0	0	0	0	0	0	0	0	0	0	0	0	0	0	0	0	0	0	1.45819996879452e-06	0	0	2.91639993758904e-05	2.91639993758904e-06	0.000472456789889425	7.2909998439726e-05	8.74919981276712e-06	0	0	8.02009982836986e-05	0	0	0	0	1.31237997191507e-05	4.37459990638356e-06	0
2.66327133715683e-05	3.07300538902712e-06	3.38030592792983e-05	1.12676864264328e-05	6.45331131695695e-05	1.02433512967571e-05	5.12167564837853e-06	0	4.09734051870282e-06	1.02433512967571e-05	4.09734051870282e-06	7.58007995960022e-05	5.53140970024881e-05	9.83361724488678e-05	0.000272473144493738	5.01924213541096e-05	0.000223305058269304	1.02433512967571e-05	1.94623674638384e-05	0.000153650269451356	5.42897618728124e-05	4.40464105760554e-05	0.000309349209162063	4.71194159650825e-05	4.09734051870282e-06	2.66327133715683e-05	6.45331131695695e-05	0.000211013036713195	0.000221256388009952	4.40464105760554e-05	4.40464105760554e-05	3.07300538902712e-06	6.24844429102181e-05	0.000375930992590984	0.000777470363423861	0.00703820667600177	0	0.00611937806468267	0.00401232070293974	0.00162869285618437	4.60950808354068e-05	1.7413697204487e-05	7.17034590772994e-06	8.19468103740565e-06	3.27787241496226e-05	1.7413697204487e-05	0.000198721015157087	0.000623820093972505	1.02433512967571e-06	2.45840431122169e-05	1.53650269451356e-05	1.12676864264328e-05	2.04867025935141e-06	1.94623674638384e-05	0	1.94623674638384e-05	1.02433512967571e-06	3.4827394408974e-05	0	0	0	0	1.02433512967571e-06	0	0	0	1.33163566857842e-05	1.63893620748113e-05	1.02433512967571e-06	0	0	0	0	0	0	0	0	0	0	0	0	0	0	0	0	0	0	0	0	0	0	0	5.12167564837853e-06	0	0	3.68760646683254e-05	8.19468103740565e-06	1.7413697204487e-05	0.000366711976423903	0.000162869285618437	0	0	1.02433512967571e-05	0	0	0	0	7.17034590772994e-06	4.09734051870282e-06	0
7.35541655704267e-05	8.48701910428e-06	1.13160254723733e-05	0	3.96060891533067e-05	5.65801273618667e-06	0	0	5.65801273618667e-06	4.52641018894934e-05	0	3.11190700490267e-05	1.98030445766533e-05	3.11190700490267e-05	0.00011881826745992	2.546105731284e-05	0.000200859452134627	8.48701910428e-06	1.697403820856e-05	0.000639355439189094	0.000115989261091827	0.000107502241987547	0.000325335732330733	0.000158424356613227	2.26320509447467e-05	7.638317193852e-05	0.000554485248146294	0.00109765447082021	0.00748272184360687	4.80931082575867e-05	1.41450318404667e-05	1.41450318404667e-05	7.638317193852e-05	0.000107502241987547	0.0003394807641712	0.00768923930847768	0.0476404672386918	0	0.00731863947425746	0.000582775311827227	1.98030445766533e-05	1.13160254723733e-05	1.13160254723733e-05	5.65801273618667e-06	1.13160254723733e-05	2.82900636809333e-06	8.48701910428e-06	0.000248952560392213	0	2.82900636809333e-06	8.48701910428e-06	2.82900636809333e-06	2.82900636809333e-06	5.65801273618667e-06	0	2.82900636809333e-06	5.65801273618667e-06	8.48701910428e-06	0	0	0	0	0	0	0	0	3.96060891533067e-05	0	2.82900636809333e-06	0	0	0	0	0	0	0	0	0	0	0	0	0	0	0	0	0	0	0	0	0	0	0	1.697403820856e-05	0	0	0.00010184422925136	8.48701910428e-06	9.05282037789867e-05	7.92121783066134e-05	2.26320509447467e-05	0	0	2.82900636809333e-06	0	0	0	0	5.65801273618667e-06	2.82900636809333e-06	0
0	5.19803202507531e-06	0	0	1.03960640501506e-05	2.59901601253765e-06	0	0	2.59901601253765e-06	0	0	1.03960640501506e-05	1.55940960752259e-05	1.81931120877636e-05	8.31685124012049e-05	0.000142945880689571	2.85891761379142e-05	0	1.55940960752259e-05	2.59901601253765e-05	1.03960640501506e-05	2.59901601253765e-05	7.01734323385166e-05	0.000135148832651958	2.59901601253765e-06	1.81931120877636e-05	0.000223515377078238	5.71783522758284e-05	0.000101361624488968	3.63862241755271e-05	1.03960640501506e-05	0	7.01734323385166e-05	6.7574416325979e-05	0.0013047060382939	0.000413243545993487	0.0255639214993204	0.00261720912462542	0	0.0238173827388951	0.000116955720564194	3.63862241755271e-05	1.81931120877636e-05	2.59901601253765e-05	0	7.79704803761296e-06	1.55940960752259e-05	0.000389852401880648	7.79704803761296e-06	5.19803202507531e-06	2.07921281003012e-05	2.59901601253765e-06	0	2.33911441128389e-05	2.59901601253765e-06	0	0.000111757688539119	2.33911441128389e-05	0	0	0	0	0	0	0	5.19803202507531e-06	1.81931120877636e-05	0	0	0	0	0	0	0	0	0	0	0	0	0	0	0	0	0	0	0	0	0	0	0	0	0	1.29950800626883e-05	0	0	1.29950800626883e-05	0	1.81931120877636e-05	0.0018634944809895	2.07921281003012e-05	0	0	0	0	0	0	0	5.19803202507531e-06	2.59901601253765e-06	0
0	5.11851931473263e-06	5.11851931473263e-06	0	1.02370386294653e-05	7.67777897209895e-06	0	0	0	5.11851931473263e-06	0	1.02370386294653e-05	2.55925965736632e-06	0	7.16592704062569e-05	7.67777897209895e-06	1.27962982868316e-05	1.02370386294653e-05	5.11851931473263e-06	2.55925965736632e-05	2.55925965736632e-06	2.30333369162969e-05	5.88629721194253e-05	4.35074141752274e-05	1.79148176015642e-05	1.27962982868316e-05	1.27962982868316e-05	1.79148176015642e-05	4.09481545178611e-05	2.55925965736632e-06	5.11851931473263e-06	5.11851931473263e-06	9.98111266372864e-05	5.88629721194253e-05	0.000133081502183048	0.000191944474302474	0.00777759009873624	0.000445311180381739	0.0166377470325384	0	0.000406922285521244	0.000115166684581484	3.83888948604948e-05	2.55925965736632e-06	2.55925965736632e-06	0	2.55925965736632e-06	0.000117725944238851	0	1.79148176015642e-05	0.00014587780046988	1.02370386294653e-05	5.11851931473263e-06	6.39814914341579e-05	0	2.55925965736632e-06	1.02370386294653e-05	5.88629721194253e-05	0	1.02370386294653e-05	0	0	0	0	0	5.11851931473263e-06	1.79148176015642e-05	2.55925965736632e-06	2.55925965736632e-06	0	0	0	0	0	0	0	0	0	0	0	0	0	0	0	0	0	0	0	0	0	0	0	0	0	0	0	5.11851931473263e-06	1.79148176015642e-05	0.0180351028054604	7.67777897209895e-06	0	0	0	0	0	0	0	7.67777897209895e-06	7.67777897209895e-06	0
0	0	0	0	0	0	0	0	0	0	0	0	0	0	4.68858164889143e-05	0	8.27396761569075e-06	0.00087704056726322	5.5159784104605e-06	2.75798920523025e-06	0	1.1031956820921e-05	1.37899460261513e-05	5.5159784104605e-06	2.75798920523025e-06	2.75798920523025e-06	8.27396761569075e-06	6.06757625150655e-05	3.58538596679933e-05	0	0	0	0.000162721363108585	1.93059244366118e-05	3.58538596679933e-05	3.86118488732235e-05	0.000477132132504833	2.75798920523025e-05	0.000256492996086413	0.00108113176845026	0	0.0153509679163116	0.000157205384698124	5.5159784104605e-05	2.75798920523025e-06	1.1031956820921e-05	2.2063913641842e-05	0.000209607179597499	0	9.37716329778285e-05	0.000355780607474702	1.65479352313815e-05	2.75798920523025e-06	0.00099011812467766	3.3095870462763e-05	1.65479352313815e-05	3.3095870462763e-05	4.96438056941445e-05	0	8.27396761569075e-06	0	0	0	0	0	2.75798920523025e-06	2.2063913641842e-05	2.48219028470723e-05	5.5159784104605e-06	2.75798920523025e-06	0	0	0	0	0	0	0	0	0	0	0	0	0	0	0	0	0	0	0	0	0	0	2.75798920523025e-06	2.75798920523025e-06	0	0	0	0	0.0150144932332735	0.000195817233571348	0	0	0	0	0	0	0	0	3.3095870462763e-05	0
0	0	0	0	0	0	0	0	0	0	0	0	0	0	1.4772139744442e-05	0	4.22061135555485e-06	4.22061135555485e-05	0	2.11030567777743e-06	0	4.22061135555485e-06	8.4412227111097e-06	2.11030567777743e-05	0	4.22061135555485e-05	2.11030567777743e-05	1.4772139744442e-05	2.11030567777743e-06	0	0	0	1.4772139744442e-05	1.68824454222194e-05	4.22061135555485e-06	1.4772139744442e-05	0.000132949257699978	8.4412227111097e-06	8.23019214333196e-05	0.000208920262099965	0.00713494349656548	0	0.0146455214037753	0.000333428297088833	2.11030567777743e-06	0	6.54194760111002e-05	3.37648908444388e-05	0	6.33091703333228e-06	0.000103404978211094	1.26618340666646e-05	0	0.000514914585377692	1.26618340666646e-05	8.4412227111097e-06	4.22061135555485e-06	7.17503930444325e-05	0	2.11030567777743e-06	2.11030567777743e-06	2.53236681333291e-05	2.11030567777743e-06	2.11030567777743e-06	0	1.05515283888871e-05	5.48679476222131e-05	4.00958078777711e-05	2.53236681333291e-05	0	6.33091703333228e-06	2.11030567777743e-06	0	0	0	0	0	0	0	0	0	0	0	0	0	0	0	0	0	0	0	0	0	0	0	0	0	6.33091703333228e-06	0.000645753537399892	2.11030567777743e-05	0	0	0	0	0	0	0	0	0.000555010393255463	0
0	0	0	0	0	0	0	0	0	0	0	0	0	0	0	0	0	0	0	3.1288426098302e-06	0	0	6.2576852196604e-06	0	0	3.1288426098302e-06	3.1288426098302e-06	6.2576852196604e-06	0	0	0	0	3.1288426098302e-06	9.38652782949059e-06	0	6.2576852196604e-06	5.31903243671134e-05	1.87730556589812e-05	1.87730556589812e-05	0.000103251806124397	0.000387976483618945	0.0314667701270623	0	0.0007978548655067	0	0	3.1288426098302e-06	1.5644213049151e-05	0	0	1.87730556589812e-05	3.1288426098302e-06	6.2576852196604e-06	0.000716504957651115	1.87730556589812e-05	1.25153704393208e-05	1.5644213049151e-05	8.76075930752455e-05	0	3.1288426098302e-06	5.00614817572832e-05	6.2576852196604e-06	1.5644213049151e-05	6.2576852196604e-06	3.1288426098302e-06	3.44172687081322e-05	0.000128282547003038	7.19633800260946e-05	4.06749539277926e-05	0	9.38652782949059e-06	0	0	0	0	0	0	0	0	0	0	0	0	0	0	0	0	0	0	0	0	0	0	0	0	0	0	0	8.44787504654153e-05	3.1288426098302e-06	0	0	0	0	0	0	0	0	0.0129283776638184	0
0	0	0	0	0	0	0	0	0	0	0	0	0	0	0	0	0	0	0	0	0	0	0	0	0	0	0	4.75269358909162e-06	0	0	0	0	0	0	9.50538717818323e-06	9.50538717818323e-06	9.9806565370924e-05	3.32688551236413e-05	2.37634679454581e-05	1.42580807672749e-05	0.000199613130741848	0.00309875622008773	0.0029466700252368	0	0	0	0	1.90107743563665e-05	0	0	1.90107743563665e-05	4.75269358909162e-06	0	0.000218623905098214	2.37634679454581e-05	4.75269358909162e-06	0.000342193938414596	0.000232881985865489	4.75269358909162e-06	9.50538717818323e-06	9.50538717818323e-06	0	4.75269358909162e-06	0	4.75269358909162e-06	0.000247140066632764	0.0243005223210254	0.000655871715294643	0.00044200050378552	1.42580807672749e-05	4.75269358909162e-06	4.75269358909162e-06	0	0	0	0	0	0	0	0	0	0	0	0	0	0	0	0	0	0	0	0	0	0	0	0	0	0	5.22796294800078e-05	0	0	0	0	0	0	0	0	0	0.0115205292599581	0
7.01227147508139e-05	6.51139494114701e-05	5.00876533934385e-06	2.00350613573754e-05	5.00876533934385e-06	3.00525920360631e-05	1.00175306786877e-05	1.50262960180316e-05	2.50438266967193e-05	0.00087152516904583	0.0394039569246181	0	4.50788880540947e-05	0	0.000185324317555723	1.00175306786877e-05	6.51139494114701e-05	3.5061357375407e-05	1.00175306786877e-05	1.00175306786877e-05	5.00876533934385e-06	3.00525920360631e-05	2.00350613573754e-05	0	0	1.00175306786877e-05	1.50262960180316e-05	5.00876533934385e-06	1.00175306786877e-05	0	0	0	9.01577761081893e-05	0.00221387427998998	0.000100175306786877	0.000105184072126221	7.01227147508139e-05	1.00175306786877e-05	0	0	9.01577761081893e-05	1.50262960180316e-05	0.000280490859003256	0	0	0.0182419233658903	0.000300525920360631	0.00162784873528675	0.000861507638367143	0.0130277986476334	1.50262960180316e-05	7.51314800901578e-05	1.50262960180316e-05	5.00876533934385e-06	1.00175306786877e-05	5.00876533934385e-06	1.00175306786877e-05	1.50262960180316e-05	0	0	0	0	0	0	0	0	0	0	0	0	0	0	0	0	0	0	0	0	0	0	0	0	0	0	0	0	0	0	0	0	0	0	0	0	0	0	5.00876533934385e-06	2.00350613573754e-05	0	0.000250438266967193	0	0	0	0	0	0	0	3.5061357375407e-05	0	0
2.3176343648523e-05	1.80260450599623e-05	2.57514929428034e-05	3.0901791531364e-05	3.60520901199247e-05	2.57514929428034e-05	2.57514929428034e-06	2.57514929428034e-06	1.03005971771213e-05	0.000190561047776745	0.0012051698697232	1.03005971771213e-05	3.0901791531364e-05	0	6.69538816512887e-05	2.06011943542427e-05	2.06011943542427e-05	4.6352687297046e-05	2.57514929428034e-06	1.03005971771213e-05	5.15029858856067e-06	7.46793295341297e-05	0.000100430822476933	1.5450895765682e-05	2.57514929428034e-06	0.000252364630839473	2.57514929428034e-06	0.000105581121065494	1.28757464714017e-05	2.57514929428034e-06	0	0	2.3176343648523e-05	6.69538816512887e-05	2.3176343648523e-05	4.89278365913264e-05	7.72544788284101e-05	2.57514929428034e-06	2.57514929428034e-06	7.72544788284101e-06	2.3176343648523e-05	0	6.43787323570084e-05	0	0.00599494755708462	0	0.00779755206308086	0.00480522858312711	0.00175367666940491	0.0246647799406171	5.40781351798871e-05	7.21041802398494e-05	1.5450895765682e-05	1.80260450599623e-05	2.57514929428034e-06	0	4.89278365913264e-05	4.89278365913264e-05	0	0	0	0	0	0	0	0	0	0	0	0	0	0	0	0	0	0	0	0	0	0	0	0	0	0	0	0	0	0	0	0	0	0	0	0	0	5.15029858856067e-06	0.000198286495659586	0.0001570841069511	4.37775380027657e-05	0.00084722411781823	0	0	1.03005971771213e-05	2.57514929428034e-06	0	0	0	1.03005971771213e-05	0	0
2.77907081767211e-05	0	6.94767704418028e-06	2.08430311325408e-05	5.55814163534422e-05	2.4316869654631e-05	0	3.47383852209014e-06	6.94767704418028e-06	1.04215155662704e-05	7.29506089638929e-05	1.38953540883606e-05	3.47383852209014e-06	0	5.90552548755324e-05	6.94767704418028e-06	2.4316869654631e-05	3.82122237429915e-05	0	1.04215155662704e-05	3.47383852209014e-06	3.82122237429915e-05	1.38953540883606e-05	1.04215155662704e-05	6.94767704418028e-06	1.73691926104507e-05	3.47383852209014e-06	7.98982860080732e-05	1.04215155662704e-05	3.47383852209014e-06	0	3.47383852209014e-06	0.000399491430040366	6.60029319197126e-05	2.08430311325408e-05	0.000138953540883606	0.00179250067739851	1.73691926104507e-05	1.38953540883606e-05	4.51599007871718e-05	1.38953540883606e-05	6.94767704418028e-06	1.04215155662704e-05	0	0.000125058186795245	0.0135028103353644	0	0.04000472442039	0.000354331529253194	0.00604447902843684	0.000177165764626597	0.000302223951421842	3.12645466988113e-05	7.29506089638929e-05	0	1.38953540883606e-05	1.04215155662704e-05	6.60029319197126e-05	3.47383852209014e-06	0	0	0	0	0	0	0	3.47383852209014e-06	0	0	0	0	0	0	0	0	0	0	0	0	0	0	0	0	0	0	0	0	0	0	0	0	0	3.47383852209014e-06	0	0	3.47383852209014e-06	3.47383852209014e-06	1.73691926104507e-05	1.38953540883606e-05	0.0301737614028749	0	0	3.47383852209014e-06	3.47383852209014e-06	0	0	0	1.04215155662704e-05	1.04215155662704e-05	0
1.23311531169558e-05	1.02759609307965e-06	1.02759609307965e-06	2.05519218615931e-06	1.02759609307965e-06	5.13798046539827e-06	0	1.02759609307965e-06	1.02759609307965e-06	1.33587492100355e-05	3.28830749785489e-05	2.05519218615931e-06	2.05519218615931e-06	0	7.60421108878944e-05	3.08278827923896e-06	1.13035570238762e-05	9.24836483771689e-06	3.08278827923896e-06	3.08278827923896e-06	3.08278827923896e-06	6.16557655847792e-06	1.02759609307965e-05	1.13035570238762e-05	6.16557655847792e-06	7.19317265155758e-06	2.05519218615931e-06	3.08278827923896e-05	1.13035570238762e-05	1.02759609307965e-06	0	3.08278827923896e-06	0.000116118358518001	2.56899023269914e-05	2.26071140477524e-05	4.82970163747437e-05	0.000824132066649883	2.56899023269914e-05	0.00047577699109588	0.000103787205401045	3.08278827923896e-06	0	4.11038437231862e-06	2.05519218615931e-06	3.90486515370269e-05	0.000644302750360943	0.00243231995231954	0	0.000294920078713861	0.00673075440967173	0.00344758489228224	0.00506810393106885	5.13798046539827e-05	6.98765343294165e-05	6.16557655847792e-06	3.08278827923896e-06	1.02759609307965e-05	0.000200381238150533	1.02759609307965e-06	6.16557655847792e-06	0	0	3.08278827923896e-06	0	0	1.95243257685134e-05	0	0	0	0	0	0	0	0	0	0	0	0	0	0	0	0	0	0	0	0	0	0	0	0	0	0	9.24836483771689e-06	0	0	1.02759609307965e-06	3.08278827923896e-06	7.19317265155758e-06	1.02759609307965e-05	0.0104208519799208	0	0	0	0	0	0	0	2.05519218615931e-06	3.08278827923896e-06	0
1.19315012513162e-05	0	0	2.98287531282905e-06	0	2.98287531282905e-06	0	0	8.94862593848714e-06	5.36917556309229e-05	0.000337064910349682	2.08801271898033e-05	8.94862593848714e-06	0	7.45718828207262e-05	1.78972518769743e-05	1.19315012513162e-05	5.07088803180938e-05	0	0	0	0	1.49143765641452e-05	8.94862593848714e-06	0	5.9657506256581e-06	8.94862593848714e-06	8.05376334463843e-05	2.08801271898033e-05	0	0	0	2.98287531282905e-06	2.98287531282905e-05	1.19315012513162e-05	5.9657506256581e-06	5.66746309437519e-05	2.98287531282905e-06	2.98287531282905e-06	5.9657506256581e-06	5.9657506256581e-06	0	5.9657506256581e-06	0	0.000399705291919093	0.00161671841955334	0.000340047785662512	0.00418497406389916	0	0.0358660927614565	2.08801271898033e-05	0.000214767022523691	0.00273231378655141	1.49143765641452e-05	0	5.9657506256581e-06	1.49143765641452e-05	9.54520100105295e-05	8.94862593848715e-05	5.9657506256581e-06	0	0	0	0	0	0	0	0	0	0	0	0	0	0	0	0	0	0	0	0	0	0	0	0	0	0	0	0	0	0	0	0	0	0	0	0	5.9657506256581e-06	0	2.98287531282905e-06	0.000217749897836521	0	0	0	0	0	0	0	0	0	0
1.21598287896106e-05	4.86393151584426e-06	4.86393151584426e-06	9.72786303168851e-06	1.45917945475328e-05	7.29589727376639e-06	0	2.43196575792213e-06	4.86393151584426e-06	9.24146988010409e-05	0.000367226829446241	1.70237603054549e-05	4.86393151584426e-06	0	0.000145917945475328	1.70237603054549e-05	9.72786303168851e-06	9.97105960748073e-05	4.86393151584426e-06	4.86393151584426e-06	0	1.21598287896106e-05	4.86393151584426e-06	4.13434178846762e-05	0	1.21598287896106e-05	0	6.32311097059753e-05	2.43196575792213e-06	0	0	0	4.13434178846762e-05	4.13434178846762e-05	4.13434178846762e-05	2.18876918212992e-05	9.72786303168851e-05	9.72786303168851e-06	2.43196575792213e-06	1.21598287896106e-05	2.18876918212992e-05	4.86393151584426e-06	1.21598287896106e-05	0	0.000724725795860794	0.0113135047058537	0.00219120114788784	0.0247695712444369	0.0190398599187723	0	0.000119166322138184	0.00126462219411951	0.000369658795204164	5.83671781901311e-05	0	0	0.000257788370339746	7.5390938495586e-05	2.18876918212992e-05	2.43196575792213e-06	0	0	0	0	0	0	0	0	0	0	0	0	0	0	0	0	0	0	0	0	0	0	0	0	0	0	0	0	0	0	0	0	1.21598287896106e-05	0	0	3.40475206109098e-05	7.29589727376639e-06	3.40475206109098e-05	7.29589727376639e-06	0.000632311097059753	0	0	0	0	0	0	0	4.86393151584426e-06	2.43196575792213e-06	0
0	0	0	0	8.72915187560377e-06	2.61874556268113e-05	0	5.81943458373584e-06	0	0.000107659539799113	1.45485864593396e-05	0	0	0	6.40137804210943e-05	2.90971729186792e-06	5.81943458373584e-06	8.72915187560377e-06	3.49166075024151e-05	0	0	1.74583037512075e-05	2.03680210430755e-05	1.45485864593396e-05	0	1.74583037512075e-05	2.90971729186792e-06	1.45485864593396e-05	2.03680210430755e-05	0	0	0	1.74583037512075e-05	6.69234977129622e-05	1.16388691674717e-05	1.74583037512075e-05	0.000160034451052736	1.16388691674717e-05	4.65554766698868e-05	0.000197860775847019	0.000491742222325679	2.61874556268113e-05	1.74583037512075e-05	8.72915187560377e-06	5.81943458373584e-06	6.11040631292264e-05	0.000136756712717792	0.0319981610586715	4.65554766698868e-05	0.00013966643000966	0	0.00844108986370884	3.20068902105471e-05	0.00823159021869435	7.27429322966981e-05	2.03680210430755e-05	0	0.000325888336689207	5.81943458373584e-06	2.32777383349434e-05	1.16388691674717e-05	0	2.90971729186792e-06	0	0	2.03680210430755e-05	2.90971729186792e-06	2.90971729186792e-06	1.74583037512075e-05	0	0	0	0	0	0	0	0	0	0	0	0	0	0	0	0	0	0	0	0	0	0	0	0	0	0	0	0	2.90971729186792e-06	0.000340436923148547	0.000384082682526566	0	0	0	0	0	0	0	2.90971729186792e-06	5.81943458373584e-06	0
0	0	0	7.50128459498689e-06	7.50128459498689e-06	7.50128459498689e-06	0	0	7.50128459498689e-06	1.12519268924803e-05	1.12519268924803e-05	0	0	0	3.75064229749345e-05	3.75064229749345e-06	1.12519268924803e-05	0	7.50128459498689e-06	3.75064229749345e-06	0	1.12519268924803e-05	7.50128459498689e-06	1.12519268924803e-05	0	0.000168778903387205	3.75064229749345e-06	0	7.50128459498689e-06	0	0	0	1.50025691899738e-05	3.00051383799476e-05	1.12519268924803e-05	7.50128459498689e-06	8.25141305448558e-05	0	0	1.12519268924803e-05	2.62544960824541e-05	1.50025691899738e-05	1.50025691899738e-05	7.50128459498689e-06	1.12519268924803e-05	6.37609190573886e-05	0.000172529545684699	0.0204410005213393	0.00012002055351979	0.000933909932075868	0.0074937833103919	0	0.0021716218902487	0.00339808192152906	0.00034880973366689	0.000277547530014515	1.12519268924803e-05	0.00054384313313655	7.50128459498689e-06	0	1.87532114874672e-05	0	3.75064229749345e-06	0	0	7.50128459498689e-06	0	3.75064229749345e-06	0	0	0	0	0	0	0	0	0	0	0	0	0	0	0	0	0	0	0	0	0	0	0	0	0	0	0	3.75064229749345e-06	0	0	1.50025691899738e-05	0.000375064229749345	0	0	0	0	0	0	0	3.75064229749345e-06	3.75064229749345e-06	0
0	0	0	0	0	9.06766290056401e-06	0	0	4.533831450282e-06	5.4405977403384e-05	2.7202988701692e-05	0	0	0	0	0	0	4.533831450282e-06	1.3601494350846e-05	0	0	0	2.266915725141e-05	0	0	4.533831450282e-06	4.533831450282e-06	9.52104604559221e-05	9.06766290056401e-06	0	0	0	4.533831450282e-06	0	9.06766290056401e-06	0	9.06766290056401e-05	0	4.533831450282e-06	1.8135325801128e-05	0	0	0	4.533831450282e-06	3.1736820151974e-05	5.4405977403384e-05	3.6270651602256e-05	0.0012105329972253	0.00848279864347763	0.00175912660270942	0.00020402241526269	0.00876389619339511	0	0.000108811954806768	5.89398088536661e-05	0.00135561560363432	4.533831450282e-06	0.0020402241526269	0	4.533831450282e-06	0	0	0	0	0	9.06766290056401e-06	4.533831450282e-06	9.06766290056401e-06	4.533831450282e-06	0	0	0	0	0	0	0	0	0	0	0	0	0	0	0	0	0	0	0	0	0	0	0	0	0	0	0	0	4.533831450282e-06	4.533831450282e-06	7.25413032045121e-05	0	0	0	9.06766290056401e-06	0	0	0	0	0	0
0	0	0	0	0	0	0	0	0	4.57425851269509e-06	3.04950567513006e-06	0	0	0	1.37227755380853e-05	0	0	1.52475283756503e-06	0	1.52475283756503e-06	0	0	4.57425851269509e-06	1.52475283756503e-06	0	0	0	1.06732698629552e-05	1.52475283756503e-06	0	0	0	1.06732698629552e-05	2.59207982386055e-05	7.62376418782515e-06	3.04950567513006e-06	6.70891248528613e-05	3.04950567513006e-06	3.50693152639957e-05	5.94653606650362e-05	0.000420831783167948	0.00199895097004776	0.000355267411152652	3.04950567513006e-05	3.04950567513006e-06	4.57425851269509e-06	2.59207982386055e-05	0.000358316916827782	9.14851702539018e-06	2.43960454010405e-05	0.00635669457980861	0.0024197827532157	1.67722812132153e-05	0	0.00314708985673422	0.000129603991193028	0.000141802013893548	0.0010856240203463	7.62376418782515e-06	4.8792090802081e-05	3.04950567513006e-06	0	9.14851702539018e-06	0	0	2.13465397259104e-05	7.62376418782515e-06	1.82970340507804e-05	6.09901135026012e-06	3.04950567513006e-06	0	0	0	0	0	0	0	0	0	0	0	0	0	0	0	0	0	0	0	0	0	0	0	1.52475283756503e-06	0	0	0	0	5.1841596477211e-05	2.28712925634755e-05	0	0	0	0	0	0	0	0	1.21980227005202e-05	0
0	0	0	0	0	0	0	0	0	0	0	0	0	0	0	0	0	0	0	0	0	0	0	0	0	0	0	0	2.18891184814205e-05	0	0	0	0	8.75564739256821e-06	8.75564739256821e-06	1.31334710888523e-05	3.06447658739887e-05	0	4.3778236962841e-06	4.3778236962841e-06	2.18891184814205e-05	5.25338843554092e-05	4.3778236962841e-05	1.31334710888523e-05	4.3778236962841e-06	3.50225895702728e-05	8.75564739256821e-06	0.000192624242636501	4.3778236962841e-06	4.3778236962841e-06	0.000280180716562183	0.00119514586908556	3.94004132665569e-05	0.0150071796308619	0	0.00707456309319511	0.00232900220642314	0.014700731972122	7.88008265331139e-05	0.000122579063495955	8.75564739256821e-06	0	1.75112947851364e-05	0	4.3778236962841e-06	0.000109445592407103	1.75112947851364e-05	1.75112947851364e-05	3.94004132665569e-05	4.3778236962841e-06	0	0	0	0	0	0	0	0	0	0	0	0	0	0	0	0	0	0	0	0	0	0	0	0	0	0	0	0	4.3778236962841e-06	1.31334710888523e-05	0	0	0	0	0	0	0	0	1.31334710888523e-05	0
0	0	0	0	0	0	0	0	0	0	0	0	0	0	0	0	0	0	0	0	0	0	3.19627697657768e-06	0	0	0	0	0	1.59813848828884e-05	0	0	0	0	0	9.58883092973305e-06	9.58883092973305e-06	6.39255395315537e-06	0	2.23739388360438e-05	0	6.39255395315537e-06	2.23739388360438e-05	4.47478776720876e-05	3.19627697657768e-06	0	0	1.27851079063107e-05	7.35143704612867e-05	1.59813848828884e-05	1.59813848828884e-05	9.58883092973305e-05	0.00109951927994272	0.0021478981282602	0.000495422931369541	0.00685921039173571	0	0.000623274010432648	0.0548545054720262	0.000281272373938836	8.62994783675974e-05	3.19627697657768e-06	6.39255395315537e-06	2.55702158126215e-05	3.19627697657768e-06	6.39255395315537e-06	4.15516006955099e-05	3.19627697657768e-06	0	6.39255395315537e-06	0	0	0	0	0	0	0	0	0	0	0	0	0	0	0	0	0	0	0	0	3.19627697657768e-06	0	0	0	3.19627697657768e-06	0	0	0	0	3.19627697657768e-05	3.19627697657768e-06	0	0	0	0	0	0	0	0	2.55702158126215e-05	0
0	0	0	0	0	0	0	0	0	0	0	0	0	0	0	0	0	0	0	0	0	0	0	0	0	0	0	0	0	0	0	0	0	0	0	0	1.28895877909824e-05	0	2.57791755819649e-05	6.44479389549122e-06	0	6.44479389549122e-06	2.57791755819649e-05	0.000418911603206929	0	0	1.93343816864737e-05	7.08927328504034e-05	0	6.44479389549122e-06	6.44479389549122e-05	5.15583511639298e-05	0.000199788610760228	0.0010247222293831	0.00669614085741538	0.00351241267304272	0	0.0758552241499317	0.000270681343610631	0.000174009435178263	0	0	2.57791755819649e-05	6.44479389549122e-06	1.93343816864737e-05	0.0107885849810523	0.00010311670232786	6.44479389549122e-05	6.44479389549122e-05	0	0	0	0	0	0	0	0	0	0	0	0	0	0	0	0	0	0	0	0	0	0	0	0	1.28895877909824e-05	0	0	0	0	3.22239694774561e-05	0	0	0	0	0	0	0	0	0	3.22239694774561e-05	0
3.75237806960161e-06	0	2.50158537973441e-07	0	0	0	0	0	0	1.50095122784064e-06	1.50095122784064e-06	0	0	0	2.30145854935565e-05	0	5.00317075946881e-07	0	0	0	0	0	2.00126830378753e-06	0	0	0	2.25142684176097e-06	1.2507926898672e-06	0	0	0	7.50475613920322e-07	0	1.2507926898672e-06	1.2507926898672e-06	1.2507926898672e-06	2.30145854935565e-05	7.50475613920322e-07	1.02565000569111e-05	5.50348783541569e-06	1.2507926898672e-05	1.00063415189376e-05	9.2558659050173e-06	6.00380491136258e-06	0	3.25206099365473e-06	4.00253660757505e-06	4.35275856073787e-05	5.25332929744225e-06	6.00380491136258e-06	1.02565000569111e-05	1.65104635062471e-05	4.05256831516974e-05	6.57916954870149e-05	7.35466101641916e-05	0.000949601810147181	0.000688436296502909	0	0.00304142750468109	0.00114147340877281	4.12761587656177e-05	9.2558659050173e-06	0.00010031357372735	7.25459760122978e-06	1.55098293543533e-05	0.000360228294681755	1.87618903480081e-05	7.00443906325634e-06	6.87935979426962e-05	1.2507926898672e-05	1.05066585948845e-05	2.75174391770785e-06	0	0	0	5.50348783541569e-06	2.50158537973441e-07	1.2507926898672e-06	1.00063415189376e-06	1.50095122784064e-06	2.50158537973441e-07	1.50095122784064e-06	0	0	0	0	0	0	0	2.50158537973441e-07	0	5.00317075946881e-07	0	1.00063415189376e-05	0	0	0	0	6.02882076515992e-05	1.75110976581408e-06	0	7.50475613920322e-07	0	1.75110976581408e-06	0	0	0	0	1.85117318100346e-05	2.50158537973441e-07
0	0	0	0	0	0	0	0	0	0	0	0	0	0	0	0	0	0	0	0	0	0	0	0	0	0	0	0	0	0	0	0	0	0	0	0	0	0	0	3.67153022036524e-06	0	1.83576511018262e-06	3.67153022036524e-06	7.34306044073049e-06	0	0	1.83576511018262e-06	2.01934162120088e-05	0.000106474376390592	3.67153022036524e-06	9.17882555091311e-06	1.4686120881461e-05	1.28503557712784e-05	3.67153022036524e-05	2.57007115425567e-05	4.95656579749308e-05	7.52663695174875e-05	0.0614889523655669	0	0.00611126205179795	0.00191653877503066	1.83576511018262e-05	0.00278485567214704	1.10145906610957e-05	8.62809601785832e-05	5.50729533054787e-05	3.67153022036524e-06	7.34306044073049e-06	2.20291813221915e-05	1.4686120881461e-05	1.10145906610957e-05	1.83576511018262e-06	0	0	0	3.67153022036524e-06	1.83576511018262e-06	0	0	0	0	0	0	0	0	0	0	0	0	0	0	0	0	4.77298928647482e-05	0	0	0	0	7.34306044073049e-06	1.83576511018262e-06	0	0	0	0	0	0	0	0	3.67153022036524e-06	0
0	0	0	0	0	0	0	2.02979330614763e-06	0	0	0	0	0	0	0	0	0	0	0	0	0	0	0	0	0	0	0	0	0	0	0	0	0	0	0	0	0	0	0	4.05958661229527e-06	2.63873129799193e-05	1.01489665307382e-05	1.21787598368858e-05	2.02979330614763e-06	0	0	0	8.72811121643483e-05	4.05958661229527e-06	0	5.07448326536909e-05	1.82681397553287e-05	1.42085531430334e-05	5.48044192659861e-05	0.000109608838531972	8.52513188582007e-05	0.000178621810940992	0.0378515855730411	0.00350342324641082	0	0.00103925417274759	3.04468995922145e-05	0.000679980757559458	2.43575196737716e-05	2.43575196737716e-05	0.00122802495021932	1.82681397553287e-05	3.24766928983622e-05	6.49533857967243e-05	4.26256594291003e-05	5.27746259598385e-05	0	0	0	0	4.05958661229527e-06	2.02979330614763e-06	0	0	0	0	0	0	0	0	0	0	0	0	0	0	0	0	0.00060893799184429	0	0	0	0	4.05958661229527e-06	8.11917322459054e-06	0	0	0	0	0	0	0	0	3.85660728168051e-05	0
0	0	0	0	0	0	0	0	0	0	0	0	0	0	0	0	0	0	0	0	0	0	0	0	0	0	0	0	0	0	0	0	0	0	0	0	0	0	0	0	0	2.21013768052681e-06	2.32064456455315e-05	4.42027536105362e-06	0	0	0	1.1050688402634e-06	0	0	5.52534420131702e-06	6.63041304158043e-06	9.94561956237064e-06	2.65216521663217e-05	1.21557572428974e-05	2.09963079650047e-05	3.09419275273753e-05	0.00348096684682972	0.00239689431453132	0.00395504137930272	0	0.0028356066441159	0.0416622003467706	0.000539273594048541	0.00120231489820658	5.63585108534336e-05	4.0887547089746e-05	2.76267210065851e-05	3.31520652079021e-05	0.000124872778949765	2.65216521663217e-05	2.43115144857949e-05	3.31520652079021e-06	2.21013768052681e-06	1.43658949234243e-05	4.0887547089746e-05	3.31520652079021e-06	8.17750941794919e-05	2.32064456455315e-05	0	0	0	0	0	0	0	0	0	0	0	0	0	0	0.00186093592700357	0	0	0	0	0	0	1.1050688402634e-06	0	0	0	0	0	0	0	2.21013768052681e-06	4.42027536105362e-06
0	0	0	0	0	0	0	0	0	0	0	0	0	0	0	0	0	0	0	0	0	0	0	0	0	0	0	0	0	0	0	0	0	0	0	0	0	0	0	0	0	0	1.4040014040014e-05	7.02000702000702e-06	0	0	0	0	0	0	0	0	0	1.05300105300105e-05	1.75500175500176e-05	7.02000702000702e-06	3.51000351000351e-06	0.000761670761670762	8.07300807300807e-05	0.000207090207090207	0.0110600210600211	0	0.0132748332748333	0.00812214812214812	0.00162864162864163	1.05300105300105e-05	7.02000702000702e-06	3.51000351000351e-06	4.56300456300456e-05	0.00436293436293436	0.000656370656370656	5.96700596700597e-05	0	3.51000351000351e-06	1.05300105300105e-05	6.66900666900667e-05	3.51000351000351e-06	1.4040014040014e-05	0	0	0	0	0	0	0	0	0	0	0	0	0	0	0	0.000164970164970165	0	0	0	0	0	0	0	0	0	0	0	0	0	0	0	1.05300105300105e-05
2.94603261061698e-06	0	0	0	0	0	0	0	0	0	0	0	0	0	1.24388043559383e-05	0	0	0	0	0	0	0	0	0	0	0	3.2733695673522e-07	0	0	0	0	0	0	0	0	0	3.2733695673522e-06	0	0	0	0	0	2.29135869714654e-06	3.2733695673522e-06	0	0	0	3.60070652408742e-06	0	0	3.2733695673522e-07	6.87407609143961e-06	1.30934782694088e-06	1.27661413126736e-05	9.16543478858615e-06	2.19315761012597e-05	1.01474456587918e-05	0.000948622500618667	0.000205240271872983	0.000134535489218175	0.0097179795715552	0.000365308043716505	0	0.00108217597896664	0.00557913109059509	2.32409239282006e-05	7.20141304817483e-06	1.50575000098201e-05	1.60395108800258e-05	2.45502717551415e-05	2.48776087118767e-05	2.58596195820824e-05	6.87407609143961e-06	3.2733695673522e-07	9.82010870205659e-07	5.23739130776352e-05	2.61869565388176e-06	1.44028260963497e-05	5.56472826449874e-06	0	0	1.30934782694088e-06	0	0	0	0	0	0	0	0	0	0	0	3.66617391543446e-05	0	0	0	0	0	0	2.12769021877893e-05	3.2733695673522e-07	0	0	0	0	0	0	2.94603261061698e-06	3.2733695673522e-06
0	0	0	0	0	0	0	0	0	0	0	2.33014957230105e-06	0	0	0	0	0	0	0	0	0	0	0	0	0	0	0	0	0	0	0	0	0	0	0	0	0	0	0	0	0	0	0	2.56316452953115e-05	0	0	0	0	0	0	0	4.66029914460209e-06	0	9.32059828920418e-06	6.99044871690314e-06	6.99044871690314e-06	6.99044871690314e-06	0.000584867542647563	3.02919444399136e-05	5.35934401629241e-05	0.00228121643128272	0.0125198936519735	0.0265007910857798	0	0.0167304739291215	5.35934401629241e-05	1.16507478615052e-05	4.66029914460209e-06	1.86411965784084e-05	0.00024466570509161	0.00103458641010166	4.66029914460209e-05	2.33014957230105e-06	2.33014957230105e-06	2.33014957230105e-06	0.00141906108953134	4.66029914460209e-06	9.32059828920418e-06	0	0	0	0	0	0	0	0	0	0	0	0	0	0	0	3.96125427291178e-05	0	0	0	0	0	0	2.33014957230105e-06	0	0	0	0	0	0	0	4.66029914460209e-06	3.49522435845157e-05
0	0	0	0	0	0	0	0	0	0	0	0	0	0	0	0	0	0	0	0	0	0	0	0	0	0	0	0	0	0	0	0	0	0	0	0	0	0	0	0	0	0	0	7.32013512969449e-06	0	0	0	0	0	0	0	1.83003378242362e-06	0	4.57508445605906e-06	9.15016891211812e-06	4.57508445605906e-06	3.66006756484725e-06	0.0005810357259195	5.21559627990733e-05	5.67310472551323e-05	0.00105958956002328	0.00020221873295781	0.0198393962352545	0.0024870159103137	0	3.84307094308961e-05	9.15016891211812e-07	6.40511823848268e-06	2.01303716066599e-05	3.01955574099898e-05	3.3855624974837e-05	1.28102364769654e-05	8.23515202090631e-06	0	1.83003378242362e-06	0.00153905841101827	4.11757601045315e-05	9.05866722299694e-05	7.32013512969449e-06	2.74505067363544e-06	0	0	0	0	0	0	0	0	0	0	0	0	0	2.9280540518778e-05	0	0	0	0	0	0	3.66006756484725e-06	2.74505067363544e-06	0	0	0	0	0	0	9.15016891211812e-07	2.74505067363544e-06
0	0	0	0	3.35184669993933e-06	0	0	0	0	0	0	0	0	0	0	0	0	0	0	0	0	0	0	0	0	0	0	0	0	0	0	0	0	0	0	0	0	0	0	1.0055540099818e-05	1.67592334996967e-05	3.35184669993933e-05	5.027770049909e-05	0.000241332962395632	0	0	0	1.34073867997573e-05	0	0	0.000693832266887442	3.35184669993933e-06	6.70369339987866e-06	0.000137425714697513	5.36295471990293e-05	1.67592334996967e-05	0.00117985003837864	0.0112521493716963	0.00010055540099818	0.00305353234364473	8.71480141984226e-05	0	0.000311721743094358	2.34629268995753e-05	1.34073867997573e-05	0	0.00129381282617658	0.00415628990792477	0.00191055261896542	6.36850872988473e-05	2.0111080199636e-05	0	0	0	0	0	0	3.35184669993933e-06	0	0	0	0	0	0	0	0	0	0	0	0	0	0	0	0.000435740070992113	0	0	0	0	2.68147735995147e-05	0	0	0	0	0	0	0	0	0	0.000107259094398059	0
0	0	0	0	0	0	0	0	0	0	0	0	0	0	0	0	0	0	0	0	0	0	0	0	0	0	0	0	0	0	0	0	0	0	0	9.79275271014431e-06	6.52850180676288e-05	2.61140072270515e-05	6.52850180676288e-06	9.79275271014431e-06	9.13990252946802e-05	0.000714870947840535	0.00045373087557002	0.0194320856278297	0	0	0	6.52850180676288e-06	0	0	1.95855054202886e-05	3.26425090338144e-06	0	9.79275271014431e-05	2.93782581304329e-05	6.52850180676288e-06	4.24352617439587e-05	0.000793212969521689	0	3.26425090338144e-05	1.63212545169072e-05	0	1.30570036135258e-05	2.61140072270515e-05	3.26425090338144e-06	0.00528808646347793	0	0.0153811502567333	0.00346989871029447	2.28497563236701e-05	4.24352617439587e-05	6.52850180676288e-06	0	0	0	0	0	0	0	0	0	0	0	0	0	0	0	0	0	0	0	0	0	9.79275271014431e-06	0	0	0	0	9.79275271014431e-06	0	0	0	0	0	0	0	0	0	0.00063652892615938	0
0	0	0	0	0	0	3.17802333304731e-06	0	0	0	0	0	0	0	2.22461633313312e-05	0	0	0	0	0	0	0	0	0	0	0	0	0	0	0	0	0	0	0	0	0	7.94505833261828e-05	9.53406999914193e-06	6.35604666609462e-06	9.53406999914193e-06	0.000146189073320176	0.000327336403303873	0.000139833026654082	0.00067374094660603	0	3.17802333304731e-06	0	0	0	0	6.35604666609462e-06	6.35604666609462e-06	0	8.89846533253247e-05	6.35604666609462e-06	9.53406999914193e-06	9.53406999914193e-05	0.000479881523290144	1.27120933321892e-05	2.86022099974258e-05	1.58901166652366e-05	6.35604666609462e-06	1.90681399982839e-05	6.35604666609462e-06	3.17802333304731e-06	0.00471618662624221	0.00968979314246125	0	0.0543505550417751	0.000133476979987987	0.000117586863322751	1.27120933321892e-05	0	0	0	1.58901166652366e-05	0	0	0	0	0	0	0	0	0	0	0	0	0	0	0	0	0	9.53406999914193e-06	0	0	0	0	9.53406999914193e-06	0	0	0	0	0	0	0	0	0	0.00013029895665494	0
0	0	0	0	0	0	0	0	0	0	0	0	0	0	0	0	0	0	0	0	0	0	0	0	0	0	0	0	0	0	0	0	0	0	0	0	3.09313427295879e-05	0	1.03104475765293e-05	1.03104475765293e-05	5.41298497767788e-05	0.000198476115848189	9.79492519770283e-05	0.000185588056377527	0	0	0	0	0	0	2.57761189413232e-06	0	1.54656713647939e-05	5.15522378826465e-05	0	0	4.12417903061172e-05	0.000345399993813731	1.28880594706616e-05	3.09313427295879e-05	6.18626854591758e-05	1.03104475765293e-05	7.47507449298374e-05	0	2.31985070471909e-05	0.00141768654177278	0.00138159997525493	0.0329547680664818	0	0.00252090443246141	0.000139191042283146	1.28880594706616e-05	5.15522378826465e-06	0	0	5.15522378826465e-06	2.57761189413232e-06	0	0	0	0	0	0	0	0	0	0	0	0	0	0	0	0	0.000337667158131334	0	0	0	0	1.28880594706616e-05	0	0	0	0	0	0	0	0	0	7.21731330357051e-05	5.15522378826465e-06
0	0	0	0	0	0	0	0	0	0	0	4.41659048048088e-06	0	0	0	0	0	0	0	0	0	0	0	0	0	0	0	0	0	0	0	0	0	0	0	0	0	0	0	4.41659048048088e-06	1.32497714414426e-05	4.85824952852897e-05	3.09161333633661e-05	8.83318096096176e-06	0	0	0	0	0	0	0	0	0	1.32497714414426e-05	0	0	4.41659048048088e-06	0.000322411105075104	8.83318096096176e-06	0.000185496800180197	0.000370993600360394	0.000958400134264351	0.000393076552762798	0.000132497714414426	5.74156762462514e-05	0.000105998171531541	5.29990857657705e-05	0.000843568781771848	0.0119071279353764	0	0.00148839099192206	4.41659048048088e-06	4.41659048048088e-06	8.83318096096176e-06	0	3.09161333633661e-05	0	3.5332723843847e-05	0	0	0	0	0	0	0	0	0	0	0	0	0	0	0	0.00423551027078116	0	0	0	0	8.83318096096176e-06	0	0	0	0	0	0	0	0	0	0	8.83318096096176e-06
0	0	0	0	0	0	0	0	0	0	0	0	0	0	3.19452075799589e-05	0	0	0	0	0	0	0	0	0	0	0	0	0	0	0	0	0	0	0	0	0	2.7153426442965e-05	0	0	0	3.19452075799589e-06	4.79178113699383e-05	2.07643849269733e-05	1.11808226529856e-05	0	0	0	0	0	0	0	0	0	1.27780830319835e-05	1.59726037899794e-06	0	0	0.000150142475625807	4.79178113699383e-06	4.79178113699383e-06	2.07643849269733e-05	0.000198060286995745	0.0001549342567628	0.000626126068567194	4.15287698539465e-05	4.31260302329445e-05	1.75698641689774e-05	0.000389731532475498	0.000702794566759095	0.00299326595024214	0	0.00192629601707152	2.8750686821963e-05	6.38904151599177e-06	1.75698641689774e-05	0.00288944402560728	4.79178113699383e-06	3.51397283379547e-05	0	0	0	0	0	0	0	0	0	0	0	0	0	0	0	4.31260302329445e-05	0	0	0	0	0	0	0	0	0	0	0	0	0	0	1.59726037899794e-06	0.00210838370027728
0	0	0	0	0	0	0	0	0	0	0	0	0	0	2.40518943672869e-05	0	0	0	0	0	0	0	0	0	0	0	0	0	0	0	0	0	0	0	0	0	0	0	0	0	0	0	0	4.00864906121448e-06	0	0	0	0	0	0	0	0	0	0	0	0	0	2.3250164555044e-05	1.60345962448579e-06	3.20691924897158e-06	6.41383849794316e-06	1.68363260571008e-05	3.046573286523e-05	2.56553539917726e-05	9.62075774691474e-05	8.01729812242895e-07	9.62075774691474e-06	8.81902793467185e-06	8.57850899099898e-05	1.76380558693437e-05	0.000650202877728988	0	0.00353562847199117	0.00161147692260822	0.000217268779117825	0.000408080474431634	0.00259680286185474	2.64570838040155e-05	4.00864906121448e-06	0	0	0	0	0	0	0	0	0	0	0	0	0	0	0	0	0	0	0	0	0	8.01729812242895e-07	1.60345962448579e-06	0	0	0	0	0	0	0	0.00458589452602936
0	0	0	0	0	0	0	0	0	0	0	0	0	0	0	0	0	0	0	0	0	0	0	0	0	0	0	0	0	0	0	0	0	0	0	0	0	0	0	0	0	0	0	0	0	0	0	0	0	0	0	0	0	0	0	0	0	4.78919830530797e-05	1.71042796618142e-06	0	8.55213983090709e-06	1.71042796618142e-06	2.73668474589027e-05	3.42085593236284e-06	3.42085593236284e-05	0	0	1.02625677970885e-05	4.1050271188354e-05	3.42085593236284e-06	5.47336949178054e-05	0.0107312250598222	0	0.00497563495362175	0.00183699963567884	9.57839661061594e-05	0.00271273875436373	5.81545508501682e-05	1.19729957632699e-05	8.55213983090709e-06	0	0	1.71042796618142e-06	0	0	0	0	0	0	0	0	0	0	1.71042796618142e-06	0	0	0	0	0	0	3.42085593236284e-06	0	0	0	0	0	0	0	0	0.000114598673734155
0	0	0	0	0	0	0	0	0	0	0	0	0	0	0	0	0	0	0	0	0	0	0	0	0	0	0	0	0	0	0	0	0	0	0	0	0	0	0	0	0	0	0	0	0	0	0	0	0	0	0	0	0	0	0	0	0	2.74450413047872e-05	0	0	4.9900075099613e-06	1.24750187749033e-05	3.49300525697291e-05	4.9900075099613e-06	3.49300525697291e-05	0	0	0	1.49700225298839e-05	2.49500375498065e-06	4.9900075099613e-05	0.0134405852280808	0.0183382775991078	0	0.01096055149563	3.49300525697291e-05	0.000583830878665472	2.24550337948259e-05	2.49500375498065e-06	0	0	0	0	0	0	0	0	0	0	0	0	0	0	2.49500375498065e-06	0	0	0	0	0	0	2.49500375498065e-06	2.49500375498065e-06	0	0	0	0	0	0	0	0.000119760180239071
0	0	0	0	0	0	0	0	0	0	0	0	0	0	1.37154028961943e-05	0	0	0	0	0	0	0	0	0	0	0	0	0	0	0	0	0	0	0	0	0	0	0	0	0	0	0	0	0	0	0	0	0	0	0	0	0	0	0	0	0	0	2.1196531748664e-05	0	0	2.86776606011336e-05	2.49370961748988e-06	1.24685480874494e-06	3.74056442623482e-06	7.35644337159515e-05	0	0	0	0	0	3.61587894536033e-05	0.00198499285552195	0.00209097551426527	0.00753848417367191	0	1.87028221311741e-05	2.86776606011336e-05	3.61587894536033e-05	1.62091125136842e-05	0	0	0	0	0	0	0	0	0	0	0	0	0	0	0	0	0	0	0	0	0	4.98741923497976e-06	2.49370961748988e-06	0	0	0	0	0	0	0	4.98741923497976e-05
0	0	0	0	0	0	0	0	0	0	0	0	0	0	0	0	0	0	0	0	0	0	0	0	0	0	0	0	0	0	0	0	0	0	0	0	0	0	0	0	0	0	2.64595763821821e-06	0	0	0	0	0	0	0	0	0	0	0	0	0	0	0.000259303848545385	2.64595763821821e-06	2.64595763821821e-06	3.7043406935055e-05	2.64595763821821e-05	0.000529191527643642	0.000579464722769788	0.0031381057589268	1.32297881910911e-05	2.64595763821821e-06	0.000142881712463783	1.58757458293093e-05	1.58757458293093e-05	0.0013071030732798	0.000613862172066625	0.000129651924272692	5.29191527643642e-06	1.05838305528728e-05	0	0.00306137298741847	0.00145527670102002	1.85217034675275e-05	2.64595763821821e-06	0	0	2.64595763821821e-06	0	0	0	0	0	0	0	0	0	0	7.93787291465464e-06	0	0	0	0	0	0	0	5.29191527643642e-06	0	0	0	0	0	0	0	0.000386309815179859
0	0	0	0	0	0	0	0	0	0	0	0	0	0	0	0	0	0	0	0	0	0	0	0	0	0	0	0	0	0	0	0	0	0	0	0	0	0	0	0	0	0	0	0	0	0	0	0	0	0	0	0	0	0	0	0	0	9.49520492151464e-05	4.99747627448139e-06	0	0	4.99747627448139e-06	7.49621441172208e-05	1.99899050979255e-05	0.000134931859410997	9.99495254896277e-06	0	1.99899050979255e-05	1.99899050979255e-05	9.99495254896277e-06	6.99646678427394e-05	0.00831580052073703	0.00523235765938201	0.000109944478038591	0.000134931859410997	0.0100649172168055	0	0.000834578537838392	9.99495254896277e-06	4.99747627448139e-06	0	0	0	0	0	0	0	0	0	0	0	0	0	4.99747627448139e-06	0	0	0	0	0	0	2.99848576468883e-05	4.99747627448139e-06	0	0	0	0	0	0	0	0.00014492681195996
0	0	0	0	0	0	0	0	0	0	0	0	0	0	0	0	0	0	0	0	0	0	0	0	0	0	0	0	0	0	0	0	0	0	0	0	0	0	0	0	0	0	0	0	0	0	0	0	0	0	0	0	0	0	0	0	0	3.9214038625828e-05	4.20150413848158e-06	0	4.20150413848158e-05	4.20150413848158e-06	0.000100836099323558	9.80350965645701e-06	0.00025769225382687	0	0	0	0	2.80100275898772e-06	1.40050137949386e-06	8.82315869081131e-05	0.000218478215201042	9.80350965645701e-06	1.68060165539263e-05	0.00123664271809308	0.00117502065739535	0	0.00401523745500889	0.000284301780037253	0	0	3.9214038625828e-05	0	0	0	7.00250689746929e-06	0	0	0	0	0	0	2.80100275898772e-06	0	0	0	0	0	0	0.00114701062980547	0.000383737377981317	0	0	0	0	0	0	0	1.40050137949386e-06
0	0	0	0	0	0	0	0	0	0	0	0	0	0	4.72430879193866e-05	0	0	0	0	0	0	0	0	0	0	0	0	0	0	0	0	0	0	0	0	0	0	0	0	0	0	0	0	0	0	0	0	2.50110465455576e-05	0	0	0	0	0	0	0	0	0	0.000183414341334089	0	0	5.00220930911152e-05	0	2.50110465455576e-05	5.55801034345725e-06	1.94530362021004e-05	0	0	0	0	0	0	1.94530362021004e-05	0	0	2.77900517172862e-06	5.83591086063011e-05	5.55801034345725e-06	0.00559135840551799	0	0.00135059651346011	0	5.55801034345725e-06	9.44861758387732e-05	0	5.55801034345725e-06	2.77900517172862e-06	0.000233436434425204	8.33701551518587e-06	0	0	0	0	0	0	0	0	0	0	0	0	0.00211204393051375	0.00332646919055916	0	0	0	0	0	0	0	0
0	0	0	0	0	0	0	0	0	0	0	0	0	0	2.17798888136676e-05	0	0	0	0	0	0	0	0	0	0	0	0	0	0	0	0	0	0	0	0	0	0	0	0	0	0	0	0	0	0	0	0	0	0	0	0	0	0	0	0	0	0	5.26347312996967e-05	0	0	0	0	0	0	3.6299814689446e-06	0	0	0	0	0	0	5.4449722034169e-06	9.0749536723615e-06	0	0	7.2599629378892e-06	0	0.00086030560813987	0.00267892632408112	0	0	1.45199258757784e-05	0.00688607484658791	0	3.6299814689446e-06	3.6299814689446e-06	0.000105269462599393	1.27049351413061e-05	1.63349166102507e-05	0	0	0	0	0	0	0	0	0	0	0	4.53747683618075e-05	0.00175146605876577	0	0	0	0	0	0	0	0
0	0	0	0	0	0	0	0	0	0	0	0	0	0	0	0	0	0	0	0	0	0	0	0	0	0	0	0	0	0	0	0	0	0	0	0	0	0	0	0	0	0	0	0	0	0	0	0	0	2.79123644796554e-05	0	0	0	0	0	0	0	1.86082429864369e-05	0	0	0	0	0	0	0	0	0	0	0	0	0	0	0	0	0	0	0	0	0	2.32603037330461e-06	0	0.0104043338597915	6.51288504525292e-05	0.000925760088575237	4.65206074660923e-05	5.81507593326154e-05	0.000139561822398277	0	3.023839485296e-05	0	0	2.32603037330461e-06	0	0	0	0	0	0	0	0	0	0	0	0	0	0	0	0	0	0
0	0	0	0	0	0	0	0	0	0	0	0	0	0	3.77939585955122e-05	0	0	0	0	0	0	0	0	0	0	0	0	0	0	0	0	0	0	0	0	0	1.52784087939305e-05	0	0	0	0	0	0	0	0	0	0	0	0	0	0	0	0	0	0	0	0	3.61857050382563e-05	0	0	0	0	4.02063389313959e-06	0	0	0	0	0	0	0	0	0	0	0	0	0	0	1.60825355725584e-06	1.76907891298142e-05	1.60825355725584e-05	0.00152542849905716	0	0.000205052328550119	0.000679487127940591	0.0003168259507794	0.000295114527756446	0.000179320271634026	1.20619016794188e-05	2.65361836947213e-05	0	0	0	0	0	0	0	0	0	0	0	0	1.44742820153025e-05	0	0	0	0	0	0	0	0
0	0	0	0	0	0	0	0	0	0	0	0	0	0	3.69330772639976e-05	0	0	0	0	0	0	0	0	0	0	0	0	0	0	0	0	0	0	0	0	0	9.23326931599941e-06	0	0	0	0	0	0	0	0	0	0	0	0	0	0	0	0	0	0	0	0	4.30885901413306e-05	0	0	0	0	4.6166346579997e-06	0	3.07775643866647e-06	0	0	0	0	0	0	0	1.53887821933323e-06	0	0	7.69439109666617e-06	4.6166346579997e-06	3.53941990446644e-05	2.92386861673315e-05	0.00168199389373123	9.23326931599941e-06	0.00166968286797656	0	2.6160929728665e-05	3.23164426059979e-05	0.000852538533510612	0.00557997242330231	2.30831732899985e-05	0.000270842566602649	0	0	0	0	0	0	0	0	0	0	0	4.6166346579997e-06	4.77052247993303e-05	0	0	0	0	0	0	0	0
0	0	0	0	0	0	0	0	0	0	0	0	0	0	0	0	0	0	0	0	0	0	0	0	0	0	0	0	0	0	0	0	0	0	0	0	0	0	0	0	0	0	0	0	0	0	0	0	0	0	0	0	0	0	0	0	0	0	0	0	0	0	0	0	0	0	0	0	0	0	0	0	0	0	0	0	0	0	8.95181016791358e-06	2.01415728778056e-05	0.0017500788878271	0.00746580968003992	5.81867660914383e-05	0	0.0055725018295262	0.000396117599930176	0.00104288588456193	0.00025065068470158	6.93765288013302e-05	0	0	0	0	0	0	0	0	0	0	0	0	2.23795254197839e-06	0	0	0	0	0	0	0	0
0	0	0	0	0	0	0	0	0	0	0	0	0	0	0	0	0	0	0	0	0	0	0	0	0	0	0	0	0	0	0	0	0	0	0	0	0	0	0	0	0	0	0	0	0	0	0	0	0	0	0	0	0	0	0	0	0	0	0	0	0	0	0	0	0	0	0	0	0	0	0	0	0	0	0	0	0	3.66167580254779e-06	5.12634612356691e-05	4.76017854331213e-05	3.29550822229301e-05	0.00358844228649684	0.000146467032101912	0.00579643279543316	0	0.00444161274849047	0.00536069337492997	0.00370561591217837	0.000402784338280257	0	0	0	0	0	0	0	0	0	0	0	0	0	0	0	0	0	0	0	0	0
0	0	0	0	0	0	0	0	0	0	0	0	0	0	0	0	0	0	0	0	0	0	0	0	0	0	0	0	0	0	0	0	0	0	0	0	0	0	0	0	0	0	0	0	0	0	0	0	0	0	0	0	0	0	0	0	0	0	0	0	0	0	0	0	0	0	0	0	0	0	0	0	0	0	0	0	0	1.72959510178667e-05	5.76531700595557e-06	1.72959510178667e-05	5.76531700595557e-05	0.00189102397795343	0.000870562867899291	0.00045546004347049	0.00647445099768811	0	0.018425953151034	0.000196020778202489	0.000645715504667024	0	0	0	0	0	0	0	0	0	0	0	0	0	0	0	0	0	0	0	0	0
0	0	0	0	0	0	0	0	0	0	0	0	0	0	1.66857316600634e-05	0	0	0	0	0	0	0	0	0	0	0	0	0	0	0	0	0	0	0	0	0	0	0	0	9.26985092225747e-07	0	0	0	0	0	0	0	0	0	0	0	0	0	0	0	0	0	1.57587465678377e-05	0	0	0	0	0	0	0	0	0	0	0	0	0	0	0	0	0	0	0	0.000177981137707343	0.000190031943906278	0.000105676300513735	9.26985092225747e-06	0.00021135260102747	0.00323981289732899	9.91874048681549e-05	0.000486667173418517	0.00204400212835777	0	0.000921423181672392	0.00382659446070788	0	0	0	0	0	0	0	0	0	0	0	0	5.56191055335448e-06	0	0	0	0	0	0	0	0
0	0	0	0	0	0	0	0	0	0	0	0	0	0	0	0	0	0	0	0	0	0	0	0	0	0	0	0	0	0	0	0	0	0	0	0	0	0	0	0	0	0	0	0	0	0	0	0	0	0	0	0	0	0	0	0	0	3.57732884107554e-05	0	0	0	0	0	0	0	0	0	0	0	0	0	0	0	0	0	0	0	3.25211712825049e-06	3.25211712825049e-06	5.52859911802583e-05	6.50423425650098e-06	3.25211712825049e-05	8.45550453345128e-05	7.47986939497613e-05	0.00113173676063117	0.000123580450873519	0.00319357901994198	0	0.00356106825543429	0	0	0	0	0	0	0	0	0	0	0	0	0	0	0	0	0	0	0	0	0
1.50025129209143e-05	0	0	0	0	0	0	0	0	0	0	0	0	0	2.0003350561219e-05	0	0	0	0	0	0	0	0	0	0	0	0	0	0	0	0	0	0	0	0	0	0	0	0	0	0	0	0	0	0	0	0	0	0	1.50025129209143e-05	0	0	0	0	0	0	0	2.25037693813714e-05	0	0	0	0	0	0	0	0	0	0	0	0	0	0	0	0	0	0	0	7.50125646045713e-06	1.75029317410666e-05	5.50092140433523e-05	1.00016752806095e-05	6.75113081441141e-05	0.000415069524145294	6.75113081441141e-05	0.000170028479770362	0.000215036018533104	0.0134147469701175	0.0048933196310382	0	0	0	0	0	0	0	0	0	0	0	0	0	0	0	0	0	0	0	0	0	0
0	0	0	0	0	0	0	0	0	0	0	0	0	0	4.57257127876528e-05	0	0	0	0	0	0	0	0	0	0	0	0	0	0	0	0	0	0	0	0	0	0	0	0	0	0	0	0	0	0	0	0	0	0	0	0	0	0	0	0	0	0	5.18224744926732e-05	0	0	0	0	0	0	0	0	0	0	0	0	0	0	0	0	0	0	0	0	0	0	0	0	0	0	0	0	0	0	0	0	0.00343552522077898	0.000313983227808549	0	0	0.000752950070570017	0	0	0	0	0	0	0	0	0.00756608127593029	2.74354276725917e-05	2.74354276725917e-05	9.14514255753057e-06	0	0	0
0	0	0	0	0	0	0	0	0	0	0	0	0	0	0	0	0	0	0	0	0	0	0	0	0	0	0	0	0	0	0	0	0	0	0	0	0	0	0	0	0	0	0	0	0	0	0	0	0	6.2815254056295e-06	0	0	0	0	0	1.2563050811259e-05	0	0	0	0	0	0	0	0	0	0	0	0	0	0	0	0	0	0	0	0	0	0	0	0	0	0	0	0	0	0	0	0	0	0.00329780083795549	0	0.00228019372224351	0	0	0.00428400032663932	0	0	0	0	0	0	0	0	0.00752526743594414	0.00108042236976827	7.5378304867554e-05	5.65337286506655e-05	0	0	0
0	0	0	0	0	0	0	0	0	0	0	0	0	0	1.81626648261833e-05	0	0	0	0	0	0	0	0	0	0	0	0	0	0	0	0	0	0	0	0	0	0	0	0	0	0	0	0	0	0	0	0	0	0	0	0	0	0	0	0	0	0	2.36114642740383e-05	0	0	0	0	0	0	0	0	0	0	0	0	0	0	0	0	0	0	0	0	0	0	0	0	0	0	0	0	0	0	0	0.000114424788404955	0.000370518362454139	0	0	0	0.00124777507355879	0	0	0	0	0	0	0	0	4.72229285480766e-05	0.000599367939264049	0.00416106651167859	0.0032002615423735	0	0	0
0	0	3.21738934593692e-06	0	0	0	0	0	0	0	0	3.21738934593692e-06	9.65216803781076e-06	3.21738934593692e-06	6.43477869187384e-05	1.93043360756215e-05	1.60869467296846e-05	1.28695573837477e-05	0	1.60869467296846e-05	5.46956188809276e-05	3.8608672151243e-05	8.0434733648423e-05	0.00016730424598872	0.000981303750510761	0.0218782475523711	0.0106334717883215	0.000749651717603302	2.57391147674954e-05	0.0165663377422292	0.000431130172355547	0.000942695078359518	9.65216803781076e-06	3.8608672151243e-05	9.65216803781076e-06	1.28695573837477e-05	1.93043360756215e-05	6.43477869187384e-06	3.21738934593692e-06	3.21738934593692e-06	3.21738934593692e-06	0	0	0	0	3.21738934593692e-06	2.57391147674954e-05	6.43477869187384e-06	0	1.28695573837477e-05	0	6.43477869187384e-06	0	0	0	0	0	0	0	0	0	0	0	0	0	0	0	0	0	0	0	0	0	0	0	0	0	0	0	0	0	0	0	0	0	0	0	0	0	0	0	0	0	0	0	0	3.21738934593692e-06	3.21738934593692e-06	2.25217254215584e-05	0	0	0	0	0	0	0	0	9.65216803781076e-06	0	0
0	0	0	0	0	0	0	0	0	0	0	0	0	0	0	0	0	0	0	0	0	0	0	0	0	0	0	0	0	0	0	0	0	0	0	0	0	0	0	0	0	0	3.43875012895313e-05	0	0	0	0	0	0	0	2.29250008596875e-05	1.14625004298438e-05	0	2.29250008596875e-05	3.43875012895313e-05	2.29250008596875e-05	0	0.00205178757694203	0.000103162503868594	0.00755378778326704	0.00300317511261907	0.000126087504728281	0.00243005009112688	4.58500017193751e-05	9.17000034387501e-05	0.00678580025446751	3.43875012895313e-05	0.000469962517623594	0.00351898763196204	0.0161506631056499	0.000137550005158125	0	0	0	0	0	1.14625004298438e-05	0	0	0	0	0	0	0	0	0	0	0	0	0	0	0	0	0	0	0	0	0	0	0	0	0	0	0	0	0	0	0	0	0
0	0	0	0	0	0	0	0	0	0	0	0	0	0	0	0	0	0	0	0	0	0	0	0	0	0	0	0	0	0	0	0	0	0	0	0	0	0	0	0	0	0	0	0	0	0	0	0	0	0	0	0	0	0	0	0	0	0	0	0	0	0	0	0	0	0	0	0	0	0	0	0	0	0	0	0	0	0	0	0	0	0	0	0	0	0	0	0	0	0.00202542765806877	0.00930964640425584	0.0110544425193392	0	0	0	0	0	0	0	0	0	0	0	0.000591766514556236	0.000152517142926865	0.00403255325898631	0.000201322628663462	0	0	0
0.0112024677263546	0.0219438833757794	0.00616382717133573	0.000131729164837095	0.000120751734434004	0.00043909721612365	0.00052691665934838	0	0	8.781944322473e-05	0	0.000395187494511285	9.87968736278212e-05	5.48871520154562e-06	0.00290901905681918	9.87968736278212e-05	6.58645824185475e-05	0.000241503468868007	0	0	5.48871520154562e-06	1.09774304030912e-05	1.09774304030912e-05	6.03758672170018e-05	0	5.48871520154562e-06	0	5.48871520154562e-06	0	0	0	0	1.09774304030912e-05	1.09774304030912e-05	5.48871520154562e-06	4.3909721612365e-05	0	0	0	0	0	0	0	0	0	0	1.09774304030912e-05	0	5.48871520154562e-06	1.64661456046369e-05	0	0	0	0	0	0	0	0	0	0	0	0	0	0	0	0	0	0	0	0	0	0	0	0	0	0	0	0	0	0	0	0	0	0	0	0	0	0	0	0	0	0	0	0	0	0	1.64661456046369e-05	3.29322912092737e-05	0	0	0	0	0.000109774304030912	0	0	0	0	0.000148195310441732	0	0
8.62299664000476e-05	5.94689423448604e-06	8.32565192828046e-05	2.97344711724302e-05	1.18937884689721e-05	4.75751538758883e-05	2.97344711724302e-06	0	8.92034135172906e-06	4.46017067586453e-05	5.94689423448604e-06	0.000683892836965895	0.0158722607118432	0.0037049151080848	0.0419077636704231	0.0129582825369451	0.000347893312717433	0.000151645802979394	8.62299664000476e-05	1.18937884689721e-05	1.18937884689721e-05	2.37875769379442e-05	5.35220481103744e-05	0.000112990990455235	2.08141298207011e-05	4.16282596414023e-05	5.94689423448604e-06	1.78406827034581e-05	2.97344711724302e-06	0	1.48672355862151e-05	0	0.000124884778924207	2.08141298207011e-05	1.48672355862151e-05	3.56813654069162e-05	1.78406827034581e-05	2.97344711724302e-06	2.97344711724302e-06	0	0	0	0	0	0	8.02830721655615e-05	0	5.94689423448604e-06	0	8.92034135172906e-06	0	0	0	0	0	0	0	0	0	0	0	0	0	0	0	0	0	0	0	0	0	0	0	0	0	0	0	0	0	0	0	0	0	0	0	0	0	0	0	0	0	0	0	0	0	8.92034135172906e-06	0	0.000160566144331123	2.97344711724302e-06	0	0	0	2.67610240551872e-05	0	0	0	0	0.0442092117391692	0	0
0.000156421085562334	2.23458693660477e-05	8.49143035909812e-05	4.02225648588858e-05	3.12842171124668e-05	0.000129606042323077	2.23458693660477e-05	4.46917387320954e-06	1.78766954928381e-05	5.8099260351724e-05	2.23458693660477e-05	0.000505016647672678	0.000379879779222811	4.46917387320954e-05	0.12913677906639	0.00174744698442493	0.000737413689079574	0.0112355031172488	0.0134745592277268	6.70376080981431e-05	4.46917387320954e-06	2.68150432392572e-05	0.000134075216196286	0.000210051172040848	4.46917387320954e-06	3.12842171124668e-05	1.34075216196286e-05	0.0015016424213984	8.93834774641907e-06	1.78766954928381e-05	0	0	0.0160130499877098	0.00139885142231459	6.70376080981431e-05	0.000147482737815915	0.000125136868449867	4.46917387320954e-05	0	1.34075216196286e-05	7.59759558445621e-05	0	0	0	2.23458693660477e-05	7.15067819713526e-05	1.34075216196286e-05	8.93834774641907e-06	0.00029049630175862	1.78766954928381e-05	0	1.34075216196286e-05	4.46917387320954e-06	1.34075216196286e-05	0	0	0	0	0	0	0	0	0	0	0	0	0	0	0	0	0	0	0	0	0	0	0	0	0	0	0	0	0	0	0	0	0	0	0	0	0	0	0	0	0	1.78766954928381e-05	0.00038434895309602	0	8.93834774641907e-06	4.46917387320954e-06	0	0	8.93834774641907e-06	0	0	0	0	0.00212285758977453	0	0
0	0	3.10781958485746e-06	0	0	0	0	0	0	3.10781958485746e-06	0	3.10781958485746e-06	0	0	5.59407525274343e-05	9.32345875457238e-06	3.10781958485746e-06	3.10781958485746e-05	0	1.24312783394298e-05	3.10781958485746e-06	4.97251133577194e-05	4.97251133577194e-05	9.32345875457238e-06	3.10781958485746e-06	6.21563916971492e-06	1.24312783394298e-05	2.17547370940022e-05	9.32345875457238e-06	0	0	0	1.86469175091448e-05	2.17547370940022e-05	0.000245517747203739	0.000133636242148871	0.00286230183765372	0.000139851881318586	0.00305809447149974	0.018684211344163	0.0119122724687586	0.000525221509840911	5.59407525274343e-05	3.10781958485746e-06	0	3.10781958485746e-06	9.32345875457238e-06	2.17547370940022e-05	0	3.10781958485746e-06	0.000118097144224583	0	0	3.41860154334321e-05	3.10781958485746e-06	3.10781958485746e-06	3.72938350182895e-05	7.76954896214365e-05	0	9.32345875457238e-06	0	0	0	0	0	9.32345875457238e-06	1.55390979242873e-05	9.32345875457238e-06	1.24312783394298e-05	0	3.10781958485746e-06	0	0	0	0	0	0	0	0	0	0	0	0	0	0	0	0	0	0	0	0	0	0	3.10781958485746e-06	0	0	3.10781958485746e-06	6.21563916971492e-06	0	3.10781958485746e-06	0	0	0	0	0	0	0	0	2.79703762637171e-05	0
2.84650043104149e-05	0	4.06642918720213e-06	8.13285837440427e-06	4.06642918720213e-06	8.13285837440427e-06	0	0	0	1.62657167488085e-05	1.21992875616064e-05	8.13285837440427e-06	4.06642918720213e-06	1.21992875616064e-05	0.00011386001724166	8.13285837440427e-06	3.65978626848192e-05	1.62657167488085e-05	0	4.06642918720213e-06	0	1.62657167488085e-05	0	1.62657167488085e-05	4.06642918720213e-06	8.13285837440427e-06	8.13285837440427e-06	0.000121992875616064	2.03321459360107e-05	0	0	0	0.00115486588916541	6.0996437808032e-05	3.25314334976171e-05	2.43985751232128e-05	0.00149237951170318	4.06642918720213e-06	2.43985751232128e-05	8.13285837440427e-05	4.87971502464256e-05	0	0	0	2.84650043104149e-05	0.000695359391011565	0.0183558613510304	0.0970412661233917	0.000109793588054458	0.00102474015517494	0.00022772003448332	0.000451373639779437	3.65978626848192e-05	0.000130125733990468	0	4.06642918720213e-06	4.06642918720213e-06	7.31957253696384e-05	0	4.06642918720213e-06	0	0	0	0	0	0	0	0	0	0	0	0	0	0	0	0	0	0	0	0	0	0	0	0	0	0	0	0	0	0	0	0	2.03321459360107e-05	0	0	0	0	1.21992875616064e-05	4.06642918720213e-06	0	0	0	0	0	0	0	0	4.06642918720213e-06	1.21992875616064e-05	0
0	0	0	0	0	0	0	0	0	0	0	0	0	0	0	0	0	0	0	0	0	0	0	0	0	0	0	0	0	0	0	0	0	0	0	0	5.26922829224311e-05	0	0	0	0	0	0	0	0	0	0	0	0	0	0	0	0	0	0	0	0	9.95298677423699e-05	0	0	5.85469810249234e-06	0	1.17093962049847e-05	0	5.85469810249234e-06	0	0	0	0	0	0	1.17093962049847e-05	1.17093962049847e-05	1.17093962049847e-05	1.17093962049847e-05	1.17093962049847e-05	1.7564094307477e-05	0.0077223467971874	0.00474816016112129	0.000181495641177263	0	0	5.85469810249234e-06	0	0	0	2.34187924099694e-05	0	0	0	0	0	0	0	0	0	0	0	0	0	0	8.78204715373852e-05	0	0	0	0	0	0	0	0
0	0	0	0	0	0	0	0	0	0	0	0	0	0	0	0	0	0	0	0	0	0	0	0	0	0	0	0	0	0	0	0	0	0	0	0	0	0	0	0	0	0	0	0	0	0	0	0	0	0	0	0	0	0	0	0	0	0	0	0	0	0	0	0	1.22392279495009e-05	0	0	0	0	0	0	1.83588419242514e-05	6.11961397475047e-06	0	6.11961397475047e-06	0	0	0.0025702378693952	0.0119087687948644	0.00498136577544688	0	0	0.000618081011449798	6.11961397475047e-06	6.11961397475047e-06	0	4.89569117980038e-05	0	0	0	0	0	0	0	0	0	0	0	0	0	6.73157537222552e-05	0	0	0	0	0	0	0	0	0
0.000361902860280537	0.000574052812858783	0.0173775769979534	2.49588179503819e-05	5.61573403883592e-05	0.000168472021165078	1.24794089751909e-05	0	0	1.24794089751909e-05	2.49588179503819e-05	0.00356911096690461	0.000212149952578246	0	0.0071631807517596	6.86367493635501e-05	8.73558628263365e-05	0.000405580791693705	6.23970448759547e-06	6.23970448759547e-06	1.87191134627864e-05	1.87191134627864e-05	0.000336944042330155	4.36779314131683e-05	0	6.23970448759547e-06	0.000124794089751909	6.23970448759547e-06	0	0	0	0	1.24794089751909e-05	6.23970448759547e-06	1.87191134627864e-05	2.49588179503819e-05	6.23970448759547e-06	0	0	0	0	0	0	0	6.23970448759547e-06	0	0	0	0	0	0	0	0	0	0	0	0	0	0	0	0	0	0	0	0	0	0	0	0	0	0	0	0	0	0	0	0	0	0	0	0	0	0	0	0	0	0	0	0	0	0	0	0	0	0	0.000118554385264314	1.87191134627864e-05	0	0	6.23970448759547e-06	0	0	0	0	0	0	0	0.000112314680776718	0	0
0	0	0	0	0	0	0	0	0	0	0	0	0	0	0	0	0	0	0	0	0	0	0	0	0	0	0	0	0	0	0	0	0	0	0	0	0	0	0	0	0	0	0	0	0	0	0	6.64447412309553e-06	0	3.98668447385732e-05	0	0	0	0	0	0	0	0.00019268974956977	0	0	0	0	0	0	0	0	0	0	0	0	0	0	0	0	0	0	0	0	0	0	0	0	0	0	0	0	0	0	0	0.00631225041694075	0.00261792280449964	0.00019268974956977	0	0	7.30892153540508e-05	0	0	0	0	0	0	0	0	0	3.98668447385732e-05	6.64447412309553e-06	6.64447412309553e-06	0	0	0
0	0	0	0	0	0	0	0	0	0	0	0	0	0	0	0	0	0	0	0	0	0	0	0	0	0	0	0	0	0	0	0	0	0	0	0	0	0	0	0	0	0	0	0	0	0	0	0	0	0	0	0	0	0	0	0	0	0	0	0	0	0	0	0	0	0	0	0	0	0	0	0	0	0	0	0	0	0	0	0	0	0	0	0	0	0	0	0	0	0.000156988609604214	0.00385494252472571	0.00568647630344154	0	0	0.00019187496729404	0	0	0	0	0	0	0	0	0.000383749934588079	0	5.23295365347381e-05	3.48863576898254e-05	0	0	0
0	0	0	0	0	0	0	0	0	0	0	0	0	0	0	0	0	0	0	0	0	0	0	0	0	0	0	0	0	0	0	0	0	0	0	0	0	0	0	0	0	0	0	0	0	0	0	0	0	0	0	0	0	0	0	0	0	0	0	0	0	0	0	0	0	0	0	0	0	0	0	0	0	0	0	0	0	0	0	0	0	0	0	0	0	0	0	0	0	0.000483921940428222	0.000711068973690448	0.0737042743146085	0	0	0.00889823812909852	0	0	0	0	0	0	0	0	0.000128387453582998	0.000128387453582998	0	0.0022023386268468	0	0	0
0	0	0	0	0	0	0	0	0	0	0	0	0	0	0	0	0	0	0	0	0	0	0	0	0	0	0	0	0	0	0	0	0	0	0	0	0	0	0	0	0	0	0	0	0	0	0	0	0	0	0	0	0	0	0	0	0	0	0	0	0	0	0	0	0	0	0	0	0	0	0	0	0	0	0	0	0	0	0	0	0	0	0	0	0	0	0	0	0	7.00171152948499e-05	0.000132254551112494	0.0363855609148903	0	0	0.00043566205072351	0	0	0	0	0	0	0	0	3.88983973860277e-05	3.88983973860277e-05	0.00147813910066905	0	0	0	0
0.000273767480946378	4.64214424213424e-05	0.000267816013969283	8.21302442839135e-05	1.07126405587713e-05	6.4275843352628e-05	3.57088018625711e-06	5.95146697709518e-06	3.45185084671521e-05	5.47534961892757e-05	7.14176037251422e-06	0.00661565069173901	0.0144287365392696	5.11826160030186e-05	0.139914227457926	0.00382560297287678	0.000386845353511187	0.000448740610072977	0.000192827530057884	2.02349877221236e-05	5.95146697709518e-06	4.40408556305044e-05	6.07049631663709e-05	0.000320188923367721	1.66641075358665e-05	1.90446943267046e-05	1.66641075358665e-05	2.73767480946378e-05	1.07126405587713e-05	4.76117358167615e-06	4.76117358167615e-06	1.19029339541904e-06	8.68914178655897e-05	7.97496574930755e-05	2.02349877221236e-05	0.000186876063080789	2.73767480946378e-05	3.57088018625711e-06	2.38058679083807e-06	1.19029339541904e-06	0	0	0	0	2.61864546992188e-05	2.38058679083807e-06	2.38058679083807e-06	2.02349877221236e-05	3.57088018625711e-06	1.78544009312856e-05	0	1.78544009312856e-05	0	0	0	0	0	0	0	0	0	0	0	0	0	0	0	0	0	0	0	0	0	0	0	0	0	0	0	0	0	0	0	0	0	0	0	0	0	0	0	0	4.76117358167615e-06	0	0	5.71340829801138e-05	0.0119731612645201	0.000332091857321911	1.19029339541904e-06	0	0	0	0.000109506992378551	0	0	0	0	0	0	0
0	0	0	0	0	0	0	0	0	0	0	0	0	0	0	0	0	0	0	5.71895892071807e-06	0	0	0	0	0	0	0	2.28758356828723e-05	0	0	0	0	0	1.71568767621542e-05	0	0	8.57843838107711e-05	8.0065424890053e-05	1.14379178414361e-05	4.00327124450265e-05	0.000383170247688111	0.00633088752523491	0.038826012112755	0.0129134092429814	0	0	5.71895892071807e-06	6.86275070486169e-05	5.71895892071807e-06	0	2.85947946035904e-05	5.71895892071807e-06	5.71895892071807e-06	9.15033427314892e-05	1.14379178414361e-05	5.71895892071807e-06	5.71895892071807e-06	0.000102941260572925	0	2.28758356828723e-05	5.71895892071807e-06	0	5.71895892071807e-06	5.71895892071807e-06	5.71895892071807e-06	3.43137535243084e-05	0.000549020056388935	0.000165849808700824	9.72223016522072e-05	0	1.14379178414361e-05	0	0	0	0	0	0	0	0	0	0	0	0	0	0	0	0	0	0	0	0	0	0	0	0	0	0	0	0.000108660219493643	5.71895892071807e-06	0	0	0	0	0	0	0	0	0	0
0	0	0	0	0	0	0	0	0	0	0	0	0	0	0	0	0	0	0	0	0	0	0	0	0	0	0	0	0	0	0	0	0	0	0	0	0	0	0	0	0	5.10564863436663e-06	0	2.55282431718332e-06	0	0	0	0	0	0	0	0	0	0	0	0	0	7.40319051983162e-05	5.10564863436663e-06	1.02112972687333e-05	1.27641215859166e-05	3.06338918061998e-05	5.87149592952163e-05	4.08451890749331e-05	5.36093106608496e-05	5.10564863436663e-06	1.27641215859166e-05	3.57395404405664e-05	9.44544997357827e-05	3.31867161233831e-05	0.00691304825093242	0.0372839991524623	0.000331867161233831	0.000168486404934099	5.61621349780329e-05	0.0018201637381517	0.000122535567224799	2.55282431718332e-06	5.10564863436663e-06	0	0	0	0	0	0	0	0	0	0	0	0	0	0	0	0	0	0	0	0	0	2.55282431718332e-06	0	0	0	0	0	0	0	0	0
